task_id,fixture_group,fixture_name,fixture_evidence_scope,live_replayed,expected_case_class,frozen_expectation,audit_status,normalized_score,pass,frozen_contract_ok,saved_validation_score,saved_validation_pass,saved_validation_status,saved_validation_match,expectation_basis,threshold_risk,criterion_scores,failure_codes,evaluator_status,evaluator_sha256,judge_binding_manifest_sha256,error,elapsed_seconds
P15-A-ENG-SIZING-001,reference,reference,LIVE_PHYSICAL_REPLAY,True,positive,"[""eq:1.0"",""pass:true""]",SCORE_REPLAYED,1.0,True,True,1.0,True,OK,True,Reference implementation must pass.,False,"{""R001"":1.0,""R002"":1.0,""R003"":1.0,""R004"":1.0,""R005"":1.0,""R006"":1.0,""R007"":1.0,""R008"":1.0,""R009"":1.0,""R010"":1.0,""R011"":1.0,""R012"":1.0}",[],SCORED,86ca7769d50403fdb24e938694a7053be280741f4ef9ecfc6649df7339e5b649,7fccc4edac8f8d65742fa0d1b63ba462b892cb1a3d64d3683691765920da0955,,0.1108
P15-A-ENG-SIZING-001,equivalent,candidate_equivalent,LIVE_PHYSICAL_REPLAY,True,positive,"[""ge:0.95"",""pass:true""]",SCORE_REPLAYED,1.0,True,True,1.0,True,OK,True,Algebraically equivalent formulas must pass.,False,"{""R001"":1.0,""R002"":1.0,""R003"":1.0,""R004"":1.0,""R005"":1.0,""R006"":1.0,""R007"":1.0,""R008"":1.0,""R009"":1.0,""R010"":1.0,""R011"":1.0,""R012"":1.0}",[],SCORED,86ca7769d50403fdb24e938694a7053be280741f4ef9ecfc6649df7339e5b649,7fccc4edac8f8d65742fa0d1b63ba462b892cb1a3d64d3683691765920da0955,,0.1129
P15-A-ENG-SIZING-001,equivalent,candidate_v3_three_sheet_layout,LIVE_PHYSICAL_REPLAY,True,positive,"[""ge:0.95"",""pass:true""]",SCORE_REPLAYED,1.0,True,True,1.0,True,OK,True,Three semantically labeled sheets satisfy the task without the reference sheet names.,False,"{""R001"":1.0,""R002"":1.0,""R003"":1.0,""R004"":1.0,""R005"":1.0,""R006"":1.0,""R007"":1.0,""R008"":1.0,""R009"":1.0,""R010"":1.0,""R011"":1.0,""R012"":1.0}",[],SCORED,86ca7769d50403fdb24e938694a7053be280741f4ef9ecfc6649df7339e5b649,7fccc4edac8f8d65742fa0d1b63ba462b892cb1a3d64d3683691765920da0955,,0.1084
P15-A-ENG-SIZING-001,noop,noop,LIVE_PHYSICAL_REPLAY,True,negative,"[""pass:false""]",SCORE_REPLAYED,0.166667,False,True,0.166667,False,OK,True,An unchanged blank calculation block does not complete the task.,False,"{""R001"":1.0,""R002"":0.0,""R003"":0.0,""R004"":0.0,""R005"":0.0,""R006"":0.0,""R007"":0.0,""R008"":0.0,""R009"":1.0,""R010"":0.0,""R011"":1.0,""R012"":0.0}","[""CHECK_ROW_EVALUATION_FAILED:TypeError"",""FORMULA_REQUIRED:Calculations!B10"",""FORMULA_REQUIRED:Calculations!B11"",""FORMULA_REQUIRED:Calculations!B4"",""FORMULA_REQUIRED:Calculations!B5"",""FORMULA_REQUIRED:Calculations!B6"",""FORMULA_REQUIRED:Calculations!B7"",""FORMULA_REQUIRED:Calculations!B8"",""FORMULA_REQUIRED:Calculations!B9"",""FORMULA_REQUIRED:Unit_Conversions!C4"",""FORMULA_REQUIRED:Unit_Conversions!C5"",""FORMULA_REQUIRED:Unit_Conversions!C6"",""SIZING_VALUE_MISMATCH:Calculations!B10"",""SIZING_VALUE_MISMATCH:Calculations!B11"",""SIZING_VALUE_MISMATCH:Calculations!B4"",""SIZING_VALUE_MISMATCH:Calculations!B5"",""SIZING_VALUE_MISMATCH:Calculations!B6"",""SIZING_VALUE_MISMATCH:Calculations!B7"",""SIZING_VALUE_MISMATCH:Calculations!B8"",""SIZING_VALUE_MISMATCH:Calculations!B9"",""SIZING_VALUE_MISMATCH:Unit_Conversions!C4"",""SIZING_VALUE_MISMATCH:Unit_Conversions!C5"",""SIZING_VALUE_MISMATCH:Unit_Conversions!C6""]",SCORED,86ca7769d50403fdb24e938694a7053be280741f4ef9ecfc6649df7339e5b649,7fccc4edac8f8d65742fa0d1b63ba462b892cb1a3d64d3683691765920da0955,,0.1051
P15-A-ENG-SIZING-001,malformed,malformed,LIVE_PHYSICAL_REPLAY,True,negative,"[""eq:0.0"",""pass:false""]",SCORE_REPLAYED,0.0,False,True,0.0,False,OK,True,A non-workbook cannot pass.,False,"{""R001"":0.0,""R002"":0.0,""R003"":0.0,""R004"":0.0,""R005"":0.0,""R006"":0.0,""R007"":0.0,""R008"":0.0,""R009"":0.0,""R010"":0.0,""R011"":0.0,""R012"":0.0}","[""MALFORMED_XLSX:BadZipFile""]",SCORED,86ca7769d50403fdb24e938694a7053be280741f4ef9ecfc6649df7339e5b649,7fccc4edac8f8d65742fa0d1b63ba462b892cb1a3d64d3683691765920da0955,,0.0995
P15-A-ENG-SIZING-001,mutant,constant_formula_flow,LIVE_PHYSICAL_REPLAY,True,negative,"[""pass:false""]",SCORE_REPLAYED,0.916667,False,True,0.916667,False,OK,True,The seeded engineering defect must prevent a pass.,True,"{""R001"":1.0,""R002"":1.0,""R003"":1.0,""R004"":1.0,""R005"":1.0,""R006"":1.0,""R007"":1.0,""R008"":0.0,""R009"":1.0,""R010"":1.0,""R011"":1.0,""R012"":1.0}",[],SCORED,86ca7769d50403fdb24e938694a7053be280741f4ef9ecfc6649df7339e5b649,7fccc4edac8f8d65742fa0d1b63ba462b892cb1a3d64d3683691765920da0955,,0.1145
P15-A-ENG-SIZING-001,mutant,millimeter_conversion_error,LIVE_PHYSICAL_REPLAY,True,negative,"[""pass:false""]",SCORE_REPLAYED,0.458333,False,True,0.458333,False,OK,True,The seeded engineering defect must prevent a pass.,False,"{""R001"":1.0,""R002"":0.0,""R003"":0.0,""R004"":0.0,""R005"":0.0,""R006"":1.0,""R007"":1.0,""R008"":0.0,""R009"":1.0,""R010"":1.0,""R011"":1.0,""R012"":0.0}","[""SIZING_VALUE_MISMATCH:Calculations!B11"",""SIZING_VALUE_MISMATCH:Calculations!B4"",""SIZING_VALUE_MISMATCH:Calculations!B5"",""SIZING_VALUE_MISMATCH:Calculations!B6"",""SIZING_VALUE_MISMATCH:Calculations!B7"",""SIZING_VALUE_MISMATCH:Calculations!B8"",""SIZING_VALUE_MISMATCH:Calculations!B9"",""SIZING_VALUE_MISMATCH:Unit_Conversions!C5"",""SIZING_VALUE_MISMATCH:Unit_Conversions!C6""]",SCORED,86ca7769d50403fdb24e938694a7053be280741f4ef9ecfc6649df7339e5b649,7fccc4edac8f8d65742fa0d1b63ba462b892cb1a3d64d3683691765920da0955,,0.1096
P15-A-ENG-SIZING-001,mutant,omitted_safety_factor,LIVE_PHYSICAL_REPLAY,True,negative,"[""pass:false""]",SCORE_REPLAYED,0.541667,False,True,0.541667,False,OK,True,The seeded engineering defect must prevent a pass.,False,"{""R001"":1.0,""R002"":1.0,""R003"":0.0,""R004"":0.0,""R005"":0.0,""R006"":1.0,""R007"":1.0,""R008"":0.0,""R009"":1.0,""R010"":0.0,""R011"":1.0,""R012"":0.0}","[""SIZING_VALUE_MISMATCH:Calculations!B11"",""SIZING_VALUE_MISMATCH:Calculations!B7"",""SIZING_VALUE_MISMATCH:Calculations!B8"",""SIZING_VALUE_MISMATCH:Calculations!B9""]",SCORED,86ca7769d50403fdb24e938694a7053be280741f4ef9ecfc6649df7339e5b649,7fccc4edac8f8d65742fa0d1b63ba462b892cb1a3d64d3683691765920da0955,,0.109
P15-A-ENG-SIZING-001,mutant,percentage_fraction_error,LIVE_PHYSICAL_REPLAY,True,negative,"[""pass:false""]",SCORE_REPLAYED,0.291667,False,True,0.291667,False,OK,True,The seeded engineering defect must prevent a pass.,False,"{""R001"":1.0,""R002"":1.0,""R003"":0.0,""R004"":0.0,""R005"":0.0,""R006"":0.0,""R007"":0.0,""R008"":0.0,""R009"":1.0,""R010"":0.0,""R011"":1.0,""R012"":0.0}","[""SIZING_VALUE_MISMATCH:Calculations!B11"",""SIZING_VALUE_MISMATCH:Calculations!B7"",""SIZING_VALUE_MISMATCH:Calculations!B8"",""SIZING_VALUE_MISMATCH:Calculations!B9""]",SCORED,86ca7769d50403fdb24e938694a7053be280741f4ef9ecfc6649df7339e5b649,7fccc4edac8f8d65742fa0d1b63ba462b892cb1a3d64d3683691765920da0955,,0.1069
P15-A-ENG-SIZING-001,mutant,wrong_candidate_selection,LIVE_PHYSICAL_REPLAY,True,negative,"[""pass:false""]",SCORE_REPLAYED,0.75,False,True,0.75,False,OK,True,The seeded engineering defect must prevent a pass.,True,"{""R001"":1.0,""R002"":1.0,""R003"":1.0,""R004"":1.0,""R005"":1.0,""R006"":1.0,""R007"":0.0,""R008"":0.0,""R009"":1.0,""R010"":1.0,""R011"":1.0,""R012"":0.0}",[],SCORED,86ca7769d50403fdb24e938694a7053be280741f4ef9ecfc6649df7339e5b649,7fccc4edac8f8d65742fa0d1b63ba462b892cb1a3d64d3683691765920da0955,,0.1042
P15-A-FIN-DCF-001,reference,reference,LIVE_PHYSICAL_REPLAY,True,positive,"[""eq:1.0"",""pass:true""]",SCORE_REPLAYED,1.0,True,True,1.0,True,OK,True,The reference valuation must pass.,False,"{""R001"":1.0,""R002"":1.0,""R003"":1.0,""R004"":1.0,""R005"":1.0,""R006"":1.0,""R007"":1.0,""R008"":1.0,""R009"":1.0,""R010"":1.0,""R011"":1.0}",[],SCORED,77c62fac5ff30559a7682e8fd46fd71090e115d69cc18d2d375290bc9fa001f8,7fccc4edac8f8d65742fa0d1b63ba462b892cb1a3d64d3683691765920da0955,,0.1011
P15-A-FIN-DCF-001,equivalent,equivalent,LIVE_PHYSICAL_REPLAY,True,positive,"[""ge:0.95"",""pass:true""]",SCORE_REPLAYED,1.0,True,True,1.0,True,OK,True,Algebraically equivalent valuation formulas must pass.,False,"{""R001"":1.0,""R002"":1.0,""R003"":1.0,""R004"":1.0,""R005"":1.0,""R006"":1.0,""R007"":1.0,""R008"":1.0,""R009"":1.0,""R010"":1.0,""R011"":1.0}",[],SCORED,77c62fac5ff30559a7682e8fd46fd71090e115d69cc18d2d375290bc9fa001f8,7fccc4edac8f8d65742fa0d1b63ba462b892cb1a3d64d3683691765920da0955,,0.1017
P15-A-FIN-DCF-001,noop,noop,LIVE_PHYSICAL_REPLAY,True,negative,"[""pass:false""]",SCORE_REPLAYED,0.111111,False,True,0.111111,False,OK,True,An uncompleted DCF does not pass.,False,"{""R001"":1.0,""R002"":0.0,""R003"":0.0,""R004"":0.0,""R005"":0.0,""R006"":0.0,""R007"":0.0,""R008"":0.0,""R009"":0.0,""R010"":0.0,""R011"":1.0}","[""DCF_FORMULA_REQUIRED:Forecast!B10"",""DCF_FORMULA_REQUIRED:Forecast!B11"",""DCF_FORMULA_REQUIRED:Forecast!B12"",""DCF_FORMULA_REQUIRED:Forecast!B14"",""DCF_FORMULA_REQUIRED:Forecast!B15"",""DCF_FORMULA_REQUIRED:Forecast!B5"",""DCF_FORMULA_REQUIRED:Forecast!B6"",""DCF_FORMULA_REQUIRED:Forecast!B7"",""DCF_FORMULA_REQUIRED:Forecast!B8"",""DCF_FORMULA_REQUIRED:Forecast!B9"",""DCF_FORMULA_REQUIRED:Forecast!C10"",""DCF_FORMULA_REQUIRED:Forecast!C11"",""DCF_FORMULA_REQUIRED:Forecast!C12"",""DCF_FORMULA_REQUIRED:Forecast!C14"",""DCF_FORMULA_REQUIRED:Forecast!C15"",""DCF_FORMULA_REQUIRED:Forecast!C5"",""DCF_FORMULA_REQUIRED:Forecast!C6"",""DCF_FORMULA_REQUIRED:Forecast!C7"",""DCF_FORMULA_REQUIRED:Forecast!C8"",""DCF_FORMULA_REQUIRED:Forecast!C9"",""DCF_FORMULA_REQUIRED:Forecast!D10"",""DCF_FORMULA_REQUIRED:Forecast!D11"",""DCF_FORMULA_REQUIRED:Forecast!D12"",""DCF_FORMULA_REQUIRED:Forecast!D14"",""DCF_FORMULA_REQUIRED:Forecast!D15"",""DCF_FORMULA_REQUIRED:Forecast!D5"",""DCF_FORMULA_REQUIRED:Forecast!D6"",""DCF_FORMULA_REQUIRED:Forecast!D7"",""DCF_FORMULA_REQUIRED:Forecast!D8"",""DCF_FORMULA_REQUIRED:Forecast!D9"",""DCF_FORMULA_REQUIRED:Forecast!E10"",""DCF_FORMULA_REQUIRED:Forecast!E11"",""DCF_FORMULA_REQUIRED:Forecast!E12"",""DCF_FORMULA_REQUIRED:Forecast!E14"",""DCF_FORMULA_REQUIRED:Forecast!E15"",""DCF_FORMULA_REQUIRED:Forecast!E5"",""DCF_FORMULA_REQUIRED:Forecast!E6"",""DCF_FORMULA_REQUIRED:Forecast!E7"",""DCF_FORMULA_REQUIRED:Forecast!E8"",""DCF_FORMULA_REQUIRED:Forecast!E9"",""DCF_FORMULA_REQUIRED:Forecast!F10"",""DCF_FORMULA_REQUIRED:Forecast!F11"",""DCF_FORMULA_REQUIRED:Forecast!F12"",""DCF_FORMULA_REQUIRED:Forecast!F14"",""DCF_FORMULA_REQUIRED:Forecast!F15"",""DCF_FORMULA_REQUIRED:Forecast!F5"",""DCF_FORMULA_REQUIRED:Forecast!F6"",""DCF_FORMULA_REQUIRED:Forecast!F7"",""DCF_FORMULA_REQUIRED:Forecast!F8"",""DCF_FORMULA_REQUIRED:Forecast!F9"",""DCF_FORMULA_REQUIRED:Valuation!B10"",""DCF_FORMULA_REQUIRED:Valuation!B12"",""DCF_FORMULA_REQUIRED:Valuation!B13"",""DCF_FORMULA_REQUIRED:Valuation!B5"",""DCF_FORMULA_REQUIRED:Valuation!B6"",""DCF_FORMULA_REQUIRED:Valuation!B7"",""DCF_FORMULA_REQUIRED:Valuation!B8"",""DCF_FORMULA_REQUIRED:Valuation!B9"",""DCF_FORMULA_REQUIRED:Valuation!D6"",""DCF_FORMULA_REQUIRED:Valuation!D7"",""DCF_FORMULA_REQUIRED:Valuation!D8"",""DCF_FORMULA_REQUIRED:Valuation!E6"",""DCF_FORMULA_REQUIRED:Valuation!E7"",""DCF_FORMULA_REQUIRED:Valuation!E8"",""DCF_FORMULA_REQUIRED:Valuation!F6"",""DCF_FORMULA_REQUIRED:Valuation!F7"",""DCF_FORMULA_REQUIRED:Valuation!F8"",""DCF_VALUE_MISMATCH:Forecast!B10"",""DCF_VALUE_MISMATCH:Forecast!B11"",""DCF_VALUE_MISMATCH:Forecast!B12"",""DCF_VALUE_MISMATCH:Forecast!B14"",""DCF_VALUE_MISMATCH:Forecast!B15"",""DCF_VALUE_MISMATCH:Forecast!B5"",""DCF_VALUE_MISMATCH:Forecast!B6"",""DCF_VALUE_MISMATCH:Forecast!B7"",""DCF_VALUE_MISMATCH:Forecast!B8"",""DCF_VALUE_MISMATCH:Forecast!B9"",""DCF_VALUE_MISMATCH:Forecast!C10"",""DCF_VALUE_MISMATCH:Forecast!C11"",""DCF_VALUE_MISMATCH:Forecast!C12"",""DCF_VALUE_MISMATCH:Forecast!C14"",""DCF_VALUE_MISMATCH:Forecast!C15"",""DCF_VALUE_MISMATCH:Forecast!C5"",""DCF_VALUE_MISMATCH:Forecast!C6"",""DCF_VALUE_MISMATCH:Forecast!C7"",""DCF_VALUE_MISMATCH:Forecast!C8"",""DCF_VALUE_MISMATCH:Forecast!C9"",""DCF_VALUE_MISMATCH:Forecast!D10"",""DCF_VALUE_MISMATCH:Forecast!D11"",""DCF_VALUE_MISMATCH:Forecast!D12"",""DCF_VALUE_MISMATCH:Forecast!D14"",""DCF_VALUE_MISMATCH:Forecast!D15"",""DCF_VALUE_MISMATCH:Forecast!D5"",""DCF_VALUE_MISMATCH:Forecast!D6"",""DCF_VALUE_MISMATCH:Forecast!D7"",""DCF_VALUE_MISMATCH:Forecast!D8"",""DCF_VALUE_MISMATCH:Forecast!D9"",""DCF_VALUE_MISMATCH:Forecast!E10"",""DCF_VALUE_MISMATCH:Forecast!E11"",""DCF_VALUE_MISMATCH:Forecast!E12"",""DCF_VALUE_MISMATCH:Forecast!E14"",""DCF_VALUE_MISMATCH:Forecast!E15"",""DCF_VALUE_MISMATCH:Forecast!E5"",""DCF_VALUE_MISMATCH:Forecast!E6"",""DCF_VALUE_MISMATCH:Forecast!E7"",""DCF_VALUE_MISMATCH:Forecast!E8"",""DCF_VALUE_MISMATCH:Forecast!E9"",""DCF_VALUE_MISMATCH:Forecast!F10"",""DCF_VALUE_MISMATCH:Forecast!F11"",""DCF_VALUE_MISMATCH:Forecast!F12"",""DCF_VALUE_MISMATCH:Forecast!F14"",""DCF_VALUE_MISMATCH:Forecast!F15"",""DCF_VALUE_MISMATCH:Forecast!F5"",""DCF_VALUE_MISMATCH:Forecast!F6"",""DCF_VALUE_MISMATCH:Forecast!F7"",""DCF_VALUE_MISMATCH:Forecast!F8"",""DCF_VALUE_MISMATCH:Forecast!F9"",""DCF_VALUE_MISMATCH:Valuation!B10"",""DCF_VALUE_MISMATCH:Valuation!B11"",""DCF_VALUE_MISMATCH:Valuation!B12"",""DCF_VALUE_MISMATCH:Valuation!B13"",""DCF_VALUE_MISMATCH:Valuation!B5"",""DCF_VALUE_MISMATCH:Valuation!B6"",""DCF_VALUE_MISMATCH:Valuation!B7"",""DCF_VALUE_MISMATCH:Valuation!B8"",""DCF_VALUE_MISMATCH:Valuation!B9"",""DCF_VALUE_MISMATCH:Valuation!D6"",""DCF_VALUE_MISMATCH:Valuation!D7"",""DCF_VALUE_MISMATCH:Valuation!D8"",""DCF_VALUE_MISMATCH:Valuation!E6"",""DCF_VALUE_MISMATCH:Valuation!E7"",""DCF_VALUE_MISMATCH:Valuation!E8"",""DCF_VALUE_MISMATCH:Valuation!F6"",""DCF_VALUE_MISMATCH:Valuation!F7"",""DCF_VALUE_MISMATCH:Valuation!F8""]",SCORED,77c62fac5ff30559a7682e8fd46fd71090e115d69cc18d2d375290bc9fa001f8,7fccc4edac8f8d65742fa0d1b63ba462b892cb1a3d64d3683691765920da0955,,0.1046
P15-A-FIN-DCF-001,malformed,malformed,LIVE_PHYSICAL_REPLAY,True,negative,"[""eq:0.0"",""pass:false""]",SCORE_REPLAYED,0.0,False,True,0.0,False,OK,True,A non-workbook cannot pass.,False,"{""R001"":0.0,""R002"":0.0,""R003"":0.0,""R004"":0.0,""R005"":0.0,""R006"":0.0,""R007"":0.0,""R008"":0.0,""R009"":0.0,""R010"":0.0,""R011"":0.0}","[""MALFORMED_XLSX:BadZipFile""]",SCORED,77c62fac5ff30559a7682e8fd46fd71090e115d69cc18d2d375290bc9fa001f8,7fccc4edac8f8d65742fa0d1b63ba462b892cb1a3d64d3683691765920da0955,,0.0983
P15-A-FIN-DCF-001,mutant,broken_scenario_reference,LIVE_PHYSICAL_REPLAY,True,negative,"[""pass:false""]",SCORE_REPLAYED,0.111111,False,True,0.111111,False,OK,True,The seeded forecast or valuation defect must prevent a pass.,False,"{""R001"":1.0,""R002"":0.0,""R003"":0.0,""R004"":0.0,""R005"":0.0,""R006"":0.0,""R007"":0.0,""R008"":0.0,""R009"":0.0,""R010"":0.0,""R011"":1.0}","[""DCF_VALUE_MISMATCH:Forecast!D10"",""DCF_VALUE_MISMATCH:Forecast!D11"",""DCF_VALUE_MISMATCH:Forecast!D12"",""DCF_VALUE_MISMATCH:Forecast!D15"",""DCF_VALUE_MISMATCH:Forecast!D5"",""DCF_VALUE_MISMATCH:Forecast!D6"",""DCF_VALUE_MISMATCH:Forecast!D7"",""DCF_VALUE_MISMATCH:Forecast!D8"",""DCF_VALUE_MISMATCH:Forecast!D9"",""DCF_VALUE_MISMATCH:Forecast!E10"",""DCF_VALUE_MISMATCH:Forecast!E11"",""DCF_VALUE_MISMATCH:Forecast!E12"",""DCF_VALUE_MISMATCH:Forecast!E15"",""DCF_VALUE_MISMATCH:Forecast!E5"",""DCF_VALUE_MISMATCH:Forecast!E6"",""DCF_VALUE_MISMATCH:Forecast!E7"",""DCF_VALUE_MISMATCH:Forecast!E8"",""DCF_VALUE_MISMATCH:Forecast!E9"",""DCF_VALUE_MISMATCH:Forecast!F10"",""DCF_VALUE_MISMATCH:Forecast!F11"",""DCF_VALUE_MISMATCH:Forecast!F12"",""DCF_VALUE_MISMATCH:Forecast!F15"",""DCF_VALUE_MISMATCH:Forecast!F5"",""DCF_VALUE_MISMATCH:Forecast!F6"",""DCF_VALUE_MISMATCH:Forecast!F7"",""DCF_VALUE_MISMATCH:Forecast!F8"",""DCF_VALUE_MISMATCH:Forecast!F9"",""DCF_VALUE_MISMATCH:Valuation!B13"",""DCF_VALUE_MISMATCH:Valuation!B5"",""DCF_VALUE_MISMATCH:Valuation!B6"",""DCF_VALUE_MISMATCH:Valuation!B7"",""DCF_VALUE_MISMATCH:Valuation!B8"",""DCF_VALUE_MISMATCH:Valuation!B9"",""DCF_VALUE_MISMATCH:Valuation!D6"",""DCF_VALUE_MISMATCH:Valuation!D7"",""DCF_VALUE_MISMATCH:Valuation!D8"",""DCF_VALUE_MISMATCH:Valuation!E6"",""DCF_VALUE_MISMATCH:Valuation!E7"",""DCF_VALUE_MISMATCH:Valuation!E8"",""DCF_VALUE_MISMATCH:Valuation!F6"",""DCF_VALUE_MISMATCH:Valuation!F7"",""DCF_VALUE_MISMATCH:Valuation!F8""]",SCORED,77c62fac5ff30559a7682e8fd46fd71090e115d69cc18d2d375290bc9fa001f8,7fccc4edac8f8d65742fa0d1b63ba462b892cb1a3d64d3683691765920da0955,,0.1067
P15-A-FIN-DCF-001,mutant,constant_formula_dynamics,LIVE_PHYSICAL_REPLAY,True,negative,"[""pass:false""]",SCORE_REPLAYED,0.851852,False,True,0.851852,False,OK,True,The seeded forecast or valuation defect must prevent a pass.,True,"{""R001"":1.0,""R002"":1.0,""R003"":1.0,""R004"":1.0,""R005"":1.0,""R006"":1.0,""R007"":1.0,""R008"":1.0,""R009"":0.0,""R010"":0.0,""R011"":1.0}",[],SCORED,77c62fac5ff30559a7682e8fd46fd71090e115d69cc18d2d375290bc9fa001f8,7fccc4edac8f8d65742fa0d1b63ba462b892cb1a3d64d3683691765920da0955,,0.1048
P15-A-FIN-DCF-001,mutant,hardcoded_ev,LIVE_PHYSICAL_REPLAY,True,negative,"[""pass:false""]",SCORE_REPLAYED,0.814815,False,True,0.814815,False,OK,True,The seeded forecast or valuation defect must prevent a pass.,True,"{""R001"":1.0,""R002"":1.0,""R003"":1.0,""R004"":1.0,""R005"":1.0,""R006"":1.0,""R007"":0.0,""R008"":1.0,""R009"":1.0,""R010"":0.0,""R011"":1.0}","[""DCF_FORMULA_REQUIRED:Valuation!B9"",""DCF_VALUE_MISMATCH:Valuation!B13"",""DCF_VALUE_MISMATCH:Valuation!B9""]",SCORED,77c62fac5ff30559a7682e8fd46fd71090e115d69cc18d2d375290bc9fa001f8,7fccc4edac8f8d65742fa0d1b63ba462b892cb1a3d64d3683691765920da0955,,0.1093
P15-A-FIN-DCF-001,mutant,wrong_terminal_year,LIVE_PHYSICAL_REPLAY,True,negative,"[""pass:false""]",SCORE_REPLAYED,0.703704,False,True,0.703704,False,OK,True,The seeded forecast or valuation defect must prevent a pass.,True,"{""R001"":1.0,""R002"":1.0,""R003"":1.0,""R004"":1.0,""R005"":1.0,""R006"":0.0,""R007"":0.0,""R008"":1.0,""R009"":1.0,""R010"":0.0,""R011"":1.0}","[""DCF_VALUE_MISMATCH:Valuation!B13"",""DCF_VALUE_MISMATCH:Valuation!B6"",""DCF_VALUE_MISMATCH:Valuation!B7"",""DCF_VALUE_MISMATCH:Valuation!B8"",""DCF_VALUE_MISMATCH:Valuation!B9""]",SCORED,77c62fac5ff30559a7682e8fd46fd71090e115d69cc18d2d375290bc9fa001f8,7fccc4edac8f8d65742fa0d1b63ba462b892cb1a3d64d3683691765920da0955,,0.108
P15-A-FIN-DCF-001,mutant,wrong_wacc,LIVE_PHYSICAL_REPLAY,True,negative,"[""pass:false""]",SCORE_REPLAYED,0.703704,False,True,0.703704,False,OK,True,The seeded forecast or valuation defect must prevent a pass.,True,"{""R001"":1.0,""R002"":1.0,""R003"":1.0,""R004"":1.0,""R005"":1.0,""R006"":0.0,""R007"":0.0,""R008"":1.0,""R009"":1.0,""R010"":0.0,""R011"":1.0}","[""DCF_VALUE_MISMATCH:Valuation!B13"",""DCF_VALUE_MISMATCH:Valuation!B7"",""DCF_VALUE_MISMATCH:Valuation!B8"",""DCF_VALUE_MISMATCH:Valuation!B9""]",SCORED,77c62fac5ff30559a7682e8fd46fd71090e115d69cc18d2d375290bc9fa001f8,7fccc4edac8f8d65742fa0d1b63ba462b892cb1a3d64d3683691765920da0955,,0.1125
P15-A-FIN-DCF-001,generated_v3,alternate_implementation,SAVED_ONLY_FROZEN_VALIDATION_CLAIM,False,positive,"[""pass:true"",""ge:0.7""]",SAVED_ONLY_VALIDATION_CLAIM,1.0,True,True,1.0,True,,True,"The task requires the supplied five-sheet structure, so the admissible alternative is formula equivalence within that structure.",False,"{""R001"":1.0,""R002"":1.0,""R003"":1.0,""R004"":1.0,""R005"":1.0,""R006"":1.0,""R007"":1.0,""R008"":1.0,""R009"":1.0,""R010"":1.0,""R011"":1.0}",[],OK,77c62fac5ff30559a7682e8fd46fd71090e115d69cc18d2d375290bc9fa001f8,7fccc4edac8f8d65742fa0d1b63ba462b892cb1a3d64d3683691765920da0955,,
P15-A-FIN-DEBUG-001,reference,reference,LIVE_PHYSICAL_REPLAY,True,positive,"[""eq:1.0"",""pass:true""]",SCORE_REPLAYED,1.0,True,True,1.0,True,OK,True,The one-cell reference repair must pass.,False,"{""R001"":1.0,""R002"":1.0,""R003"":1.0,""R004"":1.0,""R005"":1.0,""R006"":1.0,""R007"":1.0,""R008"":1.0,""R009"":1.0,""R010"":1.0,""R011"":1.0,""R012"":1.0}",[],SCORED,e69e3875aec9eddca09a2f7e29b88fa9607b656f80f4a6d5af1f2362528deecc,7fccc4edac8f8d65742fa0d1b63ba462b892cb1a3d64d3683691765920da0955,,0.1113
P15-A-FIN-DEBUG-001,equivalent,equivalent,LIVE_PHYSICAL_REPLAY,True,positive,"[""ge:0.95"",""pass:true""]",SCORE_REPLAYED,1.0,True,True,1.0,True,OK,True,An algebraically equivalent repair in the same root-cause cell must pass.,False,"{""R001"":1.0,""R002"":1.0,""R003"":1.0,""R004"":1.0,""R005"":1.0,""R006"":1.0,""R007"":1.0,""R008"":1.0,""R009"":1.0,""R010"":1.0,""R011"":1.0,""R012"":1.0}",[],SCORED,e69e3875aec9eddca09a2f7e29b88fa9607b656f80f4a6d5af1f2362528deecc,7fccc4edac8f8d65742fa0d1b63ba462b892cb1a3d64d3683691765920da0955,,0.1132
P15-A-FIN-DEBUG-001,noop,noop,LIVE_PHYSICAL_REPLAY,True,negative,"[""pass:false""]",SCORE_REPLAYED,0.461538,False,True,0.461538,False,OK,True,Leaving the seeded defect unchanged does not pass.,False,"{""R001"":1.0,""R002"":0.0,""R003"":0.0,""R004"":1.0,""R005"":0.0,""R006"":0.0,""R007"":1.0,""R008"":0.0,""R009"":1.0,""R010"":1.0,""R011"":1.0,""R012"":0.0}","[""MODEL_REPLAY_MISMATCH:Revenue_Build!D6"",""MODEL_REPLAY_MISMATCH:Summary!D8"",""MODEL_REPLAY_MISMATCH:Summary!D9"",""MODEL_REPLAY_MISMATCH:Working_Capital!D5""]",SCORED,e69e3875aec9eddca09a2f7e29b88fa9607b656f80f4a6d5af1f2362528deecc,7fccc4edac8f8d65742fa0d1b63ba462b892cb1a3d64d3683691765920da0955,,0.1125
P15-A-FIN-DEBUG-001,malformed,malformed,LIVE_PHYSICAL_REPLAY,True,negative,"[""eq:0.0"",""pass:false""]",SCORE_REPLAYED,0.0,False,True,0.0,False,OK,True,A non-workbook cannot pass.,False,"{""R001"":0.0,""R002"":0.0,""R003"":0.0,""R004"":0.0,""R005"":0.0,""R006"":0.0,""R007"":0.0,""R008"":0.0,""R009"":0.0,""R010"":0.0,""R011"":0.0,""R012"":0.0}","[""MALFORMED_XLSX:BadZipFile""]",SCORED,e69e3875aec9eddca09a2f7e29b88fa9607b656f80f4a6d5af1f2362528deecc,7fccc4edac8f8d65742fa0d1b63ba462b892cb1a3d64d3683691765920da0955,,0.1029
P15-A-FIN-DEBUG-001,mutant,collateral_damage,LIVE_PHYSICAL_REPLAY,True,negative,"[""pass:false""]",SCORE_REPLAYED,0.5,False,True,0.5,False,OK,True,"The seeded wrong-period, collateral, hardcoding, or sign defect must prevent a pass.",False,"{""R001"":1.0,""R002"":1.0,""R003"":1.0,""R004"":1.0,""R005"":0.0,""R006"":0.0,""R007"":1.0,""R008"":0.0,""R009"":0.0,""R010"":0.0,""R011"":1.0,""R012"":0.0}","[""COLLATERAL_EDIT:Assumptions!C4"",""MODEL_REPLAY_MISMATCH:Summary!D8"",""MODEL_REPLAY_MISMATCH:Summary!D9""]",SCORED,e69e3875aec9eddca09a2f7e29b88fa9607b656f80f4a6d5af1f2362528deecc,7fccc4edac8f8d65742fa0d1b63ba462b892cb1a3d64d3683691765920da0955,,0.112
P15-A-FIN-DEBUG-001,mutant,constant_formula_root,LIVE_PHYSICAL_REPLAY,True,negative,"[""pass:false""]",SCORE_REPLAYED,0.923077,False,True,0.923077,False,OK,True,"The seeded wrong-period, collateral, hardcoding, or sign defect must prevent a pass.",True,"{""R001"":1.0,""R002"":1.0,""R003"":1.0,""R004"":1.0,""R005"":1.0,""R006"":0.0,""R007"":1.0,""R008"":1.0,""R009"":1.0,""R010"":1.0,""R011"":1.0,""R012"":1.0}",[],SCORED,e69e3875aec9eddca09a2f7e29b88fa9607b656f80f4a6d5af1f2362528deecc,7fccc4edac8f8d65742fa0d1b63ba462b892cb1a3d64d3683691765920da0955,,0.1118
P15-A-FIN-DEBUG-001,mutant,hardcoded_summary,LIVE_PHYSICAL_REPLAY,True,negative,"[""pass:false""]",SCORE_REPLAYED,0.423077,False,True,0.423077,False,OK,True,"The seeded wrong-period, collateral, hardcoding, or sign defect must prevent a pass.",False,"{""R001"":1.0,""R002"":1.0,""R003"":1.0,""R004"":1.0,""R005"":0.0,""R006"":0.0,""R007"":0.0,""R008"":0.0,""R009"":0.0,""R010"":1.0,""R011"":0.0,""R012"":0.0}","[""COLLATERAL_EDIT:Summary!D8"",""FORMULA_REQUIRED:Summary!D8"",""MODEL_REPLAY_MISMATCH:Summary!D8"",""MODEL_REPLAY_MISMATCH:Summary!D9""]",SCORED,e69e3875aec9eddca09a2f7e29b88fa9607b656f80f4a6d5af1f2362528deecc,7fccc4edac8f8d65742fa0d1b63ba462b892cb1a3d64d3683691765920da0955,,0.1096
P15-A-FIN-DEBUG-001,mutant,wrong_period_reference,LIVE_PHYSICAL_REPLAY,True,negative,"[""pass:false""]",SCORE_REPLAYED,0.461538,False,True,0.461538,False,OK,True,"The seeded wrong-period, collateral, hardcoding, or sign defect must prevent a pass.",False,"{""R001"":1.0,""R002"":0.0,""R003"":0.0,""R004"":1.0,""R005"":0.0,""R006"":0.0,""R007"":1.0,""R008"":0.0,""R009"":1.0,""R010"":1.0,""R011"":1.0,""R012"":0.0}","[""MODEL_REPLAY_MISMATCH:Revenue_Build!D6"",""MODEL_REPLAY_MISMATCH:Summary!D8"",""MODEL_REPLAY_MISMATCH:Summary!D9"",""MODEL_REPLAY_MISMATCH:Working_Capital!D5""]",SCORED,e69e3875aec9eddca09a2f7e29b88fa9607b656f80f4a6d5af1f2362528deecc,7fccc4edac8f8d65742fa0d1b63ba462b892cb1a3d64d3683691765920da0955,,0.109
P15-A-FIN-DEBUG-001,mutant,wrong_working_capital_sign,LIVE_PHYSICAL_REPLAY,True,negative,"[""pass:false""]",SCORE_REPLAYED,0.576923,False,True,0.576923,False,OK,True,"The seeded wrong-period, collateral, hardcoding, or sign defect must prevent a pass.",False,"{""R001"":1.0,""R002"":1.0,""R003"":1.0,""R004"":1.0,""R005"":0.0,""R006"":0.0,""R007"":1.0,""R008"":0.0,""R009"":0.0,""R010"":1.0,""R011"":1.0,""R012"":0.0}","[""COLLATERAL_EDIT:Working_Capital!D7"",""MODEL_REPLAY_MISMATCH:Summary!D8"",""MODEL_REPLAY_MISMATCH:Summary!D9""]",SCORED,e69e3875aec9eddca09a2f7e29b88fa9607b656f80f4a6d5af1f2362528deecc,7fccc4edac8f8d65742fa0d1b63ba462b892cb1a3d64d3683691765920da0955,,0.1113
P15-A-FIN-DEBUG-001,generated_v3,alternate_implementation,SAVED_ONLY_FROZEN_VALIDATION_CLAIM,False,positive,"[""pass:true"",""ge:0.7""]",SAVED_ONLY_VALIDATION_CLAIM,1.0,True,True,1.0,True,,True,This in-place debugging task permits formula equivalence but not model relocation.,False,"{""R001"":1.0,""R002"":1.0,""R003"":1.0,""R004"":1.0,""R005"":1.0,""R006"":1.0,""R007"":1.0,""R008"":1.0,""R009"":1.0,""R010"":1.0,""R011"":1.0,""R012"":1.0}",[],OK,e69e3875aec9eddca09a2f7e29b88fa9607b656f80f4a6d5af1f2362528deecc,7fccc4edac8f8d65742fa0d1b63ba462b892cb1a3d64d3683691765920da0955,,
P15-A-POLICY-EIA-001,reference,reference,LIVE_PHYSICAL_REPLAY,True,negative,"[""status:TASK_INVALID"",""pass:false"",""score:none""]",SCORE_REPLAYED,1.0,True,False,1.0,True,OK,True,The current v2 corrected reference must pass.,True,"{""R001"":1.0,""R002"":1.0,""R003"":1.0,""R004"":1.0,""R005"":1.0,""R006"":1.0,""R007"":1.0,""R008"":1.0,""R009"":1.0,""R010"":1.0,""R011"":1.0,""R012"":1.0}",[],SCORED,5b397327b21bb2cf6766f5afb24e2d89a95b0268e25934be4a7797fc042d3447,7fccc4edac8f8d65742fa0d1b63ba462b892cb1a3d64d3683691765920da0955,,0.1131
P15-A-POLICY-EIA-001,equivalent,candidate_equivalent,LIVE_PHYSICAL_REPLAY,True,negative,"[""status:TASK_INVALID"",""pass:false"",""score:none""]",SCORE_REPLAYED,1.0,True,False,1.0,True,OK,True,Algebraically equivalent formulas must pass.,True,"{""R001"":1.0,""R002"":1.0,""R003"":1.0,""R004"":1.0,""R005"":1.0,""R006"":1.0,""R007"":1.0,""R008"":1.0,""R009"":1.0,""R010"":1.0,""R011"":1.0,""R012"":1.0}",[],SCORED,5b397327b21bb2cf6766f5afb24e2d89a95b0268e25934be4a7797fc042d3447,7fccc4edac8f8d65742fa0d1b63ba462b892cb1a3d64d3683691765920da0955,,0.1125
P15-A-POLICY-EIA-001,equivalent,candidate_v3_separate_layout,LIVE_PHYSICAL_REPLAY,True,negative,"[""status:TASK_INVALID"",""pass:false"",""score:none""]",SCORE_REPLAYED,1.0,True,False,1.0,True,OK,True,Separate Base and Policy sheets with the same relationships must pass.,True,"{""R001"":1.0,""R002"":1.0,""R003"":1.0,""R004"":1.0,""R005"":1.0,""R006"":1.0,""R007"":1.0,""R008"":1.0,""R009"":1.0,""R010"":1.0,""R011"":1.0,""R012"":1.0}",[],SCORED,5b397327b21bb2cf6766f5afb24e2d89a95b0268e25934be4a7797fc042d3447,7fccc4edac8f8d65742fa0d1b63ba462b892cb1a3d64d3683691765920da0955,,0.1057
P15-A-POLICY-EIA-001,noop,noop,LIVE_PHYSICAL_REPLAY,True,negative,"[""status:TASK_INVALID"",""pass:false"",""score:none""]",SCORE_REPLAYED,0.08,False,False,0.08,False,OK,True,An unchanged blank scenario block does not complete the current v2 corrected task.,False,"{""R001"":0.0,""R002"":0.0,""R003"":0.0,""R004"":0.0,""R005"":0.0,""R006"":0.0,""R007"":0.0,""R008"":0.0,""R009"":0.0,""R010"":0.0,""R011"":1.0,""R012"":0.0}","[""EMISSIONS_FACTOR_PERTURBATION_FAILED:KeyError"",""SCENARIO_METRIC_NOT_FOUND:base:emissions"",""SCENARIO_METRIC_NOT_FOUND:base:intensity"",""SCENARIO_METRIC_NOT_FOUND:policy:emissions"",""SCENARIO_METRIC_NOT_FOUND:policy:intensity"",""SCENARIO_VALUE_MISMATCH:policy:coal:Generation_Data!C4"",""SCENARIO_VALUE_MISMATCH:policy:demand:Generation_Data!C8"",""SCENARIO_VALUE_MISMATCH:policy:gas:Generation_Data!C5"",""SCENARIO_VALUE_MISMATCH:policy:solar:Generation_Data!C7"",""SCENARIO_VALUE_MISMATCH:policy:wind:Generation_Data!C6"",""SEMANTIC_CONTENT_INCOMPLETE""]",SCORED,5b397327b21bb2cf6766f5afb24e2d89a95b0268e25934be4a7797fc042d3447,7fccc4edac8f8d65742fa0d1b63ba462b892cb1a3d64d3683691765920da0955,,0.1081
P15-A-POLICY-EIA-001,malformed,malformed,LIVE_PHYSICAL_REPLAY,True,negative,"[""status:TASK_INVALID"",""pass:false"",""score:none""]",SCORE_REPLAYED,0.0,False,False,0.0,False,OK,True,A non-workbook cannot pass.,False,"{""R001"":0.0,""R002"":0.0,""R003"":0.0,""R004"":0.0,""R005"":0.0,""R006"":0.0,""R007"":0.0,""R008"":0.0,""R009"":0.0,""R010"":0.0,""R011"":0.0,""R012"":0.0}","[""MALFORMED_XLSX:BadZipFile""]",SCORED,5b397327b21bb2cf6766f5afb24e2d89a95b0268e25934be4a7797fc042d3447,7fccc4edac8f8d65742fa0d1b63ba462b892cb1a3d64d3683691765920da0955,,0.0983
P15-A-POLICY-EIA-001,mutant,broken_demand_balance,LIVE_PHYSICAL_REPLAY,True,negative,"[""status:TASK_INVALID"",""pass:false"",""score:none""]",SCORE_REPLAYED,0.32,False,False,0.32,False,OK,True,"The seeded policy, unit, source, or linkage defect must prevent a corrected-task pass.",False,"{""R001"":1.0,""R002"":1.0,""R003"":1.0,""R004"":0.0,""R005"":0.0,""R006"":0.0,""R007"":0.0,""R008"":0.0,""R009"":0.0,""R010"":0.0,""R011"":1.0,""R012"":0.0}","[""SCENARIO_VALUE_MISMATCH:policy:emissions:Scenario_Model!C10"",""SCENARIO_VALUE_MISMATCH:policy:gas:Generation_Data!D5"",""SCENARIO_VALUE_MISMATCH:policy:intensity:Scenario_Model!C11""]",SCORED,5b397327b21bb2cf6766f5afb24e2d89a95b0268e25934be4a7797fc042d3447,7fccc4edac8f8d65742fa0d1b63ba462b892cb1a3d64d3683691765920da0955,,0.1093
P15-A-POLICY-EIA-001,mutant,collateral_historical_edit,LIVE_PHYSICAL_REPLAY,True,negative,"[""status:TASK_INVALID"",""pass:false"",""score:none""]",SCORE_REPLAYED,0.08,False,False,0.08,False,OK,True,"The seeded policy, unit, source, or linkage defect must prevent a corrected-task pass.",False,"{""R001"":0.0,""R002"":0.0,""R003"":1.0,""R004"":0.0,""R005"":0.0,""R006"":0.0,""R007"":0.0,""R008"":0.0,""R009"":0.0,""R010"":0.0,""R011"":0.0,""R012"":0.0}","[""EMISSIONS_FACTOR_PERTURBATION_FAILED:KeyError"",""SCENARIO_VALUE_MISMATCH:base:coal:Scenario_Model!B5"",""SCENARIO_VALUE_MISMATCH:base:emissions:Scenario_Model!B10"",""SCENARIO_VALUE_MISMATCH:base:intensity:Scenario_Model!B11"",""SCENARIO_VALUE_MISMATCH:base:other:Scenario_Model!B9"",""SCENARIO_VALUE_MISMATCH:policy:coal:Scenario_Model!C5"",""SCENARIO_VALUE_MISMATCH:policy:emissions:Scenario_Model!C10"",""SCENARIO_VALUE_MISMATCH:policy:gas:Scenario_Model!C8"",""SCENARIO_VALUE_MISMATCH:policy:intensity:Scenario_Model!C11"",""SEMANTIC_CONTENT_INCOMPLETE"",""SOURCE_INPUTS_CHANGED_OR_NOT_IDENTIFIED""]",SCORED,5b397327b21bb2cf6766f5afb24e2d89a95b0268e25934be4a7797fc042d3447,7fccc4edac8f8d65742fa0d1b63ba462b892cb1a3d64d3683691765920da0955,,0.1073
P15-A-POLICY-EIA-001,mutant,hardcoded_emissions_reduction,LIVE_PHYSICAL_REPLAY,True,negative,"[""status:TASK_INVALID"",""pass:false"",""score:none""]",SCORE_REPLAYED,0.8,False,False,0.8,False,OK,True,"The seeded policy, unit, source, or linkage defect must prevent a corrected-task pass.",True,"{""R001"":1.0,""R002"":1.0,""R003"":1.0,""R004"":1.0,""R005"":1.0,""R006"":0.0,""R007"":1.0,""R008"":0.0,""R009"":1.0,""R010"":1.0,""R011"":1.0,""R012"":0.0}",[],SCORED,5b397327b21bb2cf6766f5afb24e2d89a95b0268e25934be4a7797fc042d3447,7fccc4edac8f8d65742fa0d1b63ba462b892cb1a3d64d3683691765920da0955,,0.1091
P15-A-POLICY-EIA-001,mutant,wrong_generation_source,LIVE_PHYSICAL_REPLAY,True,negative,"[""status:TASK_INVALID"",""pass:false"",""score:none""]",SCORE_REPLAYED,0.2,False,False,0.2,False,OK,True,"The seeded policy, unit, source, or linkage defect must prevent a corrected-task pass.",False,"{""R001"":1.0,""R002"":0.0,""R003"":1.0,""R004"":0.0,""R005"":0.0,""R006"":0.0,""R007"":0.0,""R008"":0.0,""R009"":0.0,""R010"":0.0,""R011"":1.0,""R012"":0.0}","[""SCENARIO_VALUE_MISMATCH:policy:coal:Generation_Data!D4"",""SCENARIO_VALUE_MISMATCH:policy:emissions:Scenario_Model!C10"",""SCENARIO_VALUE_MISMATCH:policy:gas:Generation_Data!D5"",""SCENARIO_VALUE_MISMATCH:policy:intensity:Scenario_Model!C11""]",SCORED,5b397327b21bb2cf6766f5afb24e2d89a95b0268e25934be4a7797fc042d3447,7fccc4edac8f8d65742fa0d1b63ba462b892cb1a3d64d3683691765920da0955,,0.1118
P15-A-STAT-EXPERIMENT-001,reference,reference,LIVE_PHYSICAL_REPLAY,True,positive,"[""eq:1.0"",""pass:true""]",SCORE_REPLAYED,1.0,True,True,1.0,True,OK,True,Reference paired analysis must pass.,False,"{""R001"":1.0,""R002"":1.0,""R003"":1.0,""R004"":1.0,""R005"":1.0,""R006"":1.0,""R007"":1.0,""R008"":1.0,""R009"":1.0,""R010"":1.0,""R011"":1.0}",[],SCORED,177ecc391d752bcaf453ee92a5a2f639fc282f7a65aa036253c11907a90c8caa,7fccc4edac8f8d65742fa0d1b63ba462b892cb1a3d64d3683691765920da0955,,0.1177
P15-A-STAT-EXPERIMENT-001,equivalent,candidate_equivalent,LIVE_PHYSICAL_REPLAY,True,positive,"[""ge:0.95"",""pass:true""]",SCORE_REPLAYED,1.0,True,True,1.0,True,OK,True,Equivalent paired-analysis formulas must pass.,False,"{""R001"":1.0,""R002"":1.0,""R003"":1.0,""R004"":1.0,""R005"":1.0,""R006"":1.0,""R007"":1.0,""R008"":1.0,""R009"":1.0,""R010"":1.0,""R011"":1.0}",[],SCORED,177ecc391d752bcaf453ee92a5a2f639fc282f7a65aa036253c11907a90c8caa,7fccc4edac8f8d65742fa0d1b63ba462b892cb1a3d64d3683691765920da0955,,0.118
P15-A-STAT-EXPERIMENT-001,equivalent,candidate_v3_one_sheet_layout,LIVE_PHYSICAL_REPLAY,True,positive,"[""ge:0.95"",""pass:true""]",SCORE_REPLAYED,1.0,True,True,1.0,True,OK,True,One clearly labeled sheet satisfies the analysis and chart requirements.,False,"{""R001"":1.0,""R002"":1.0,""R003"":1.0,""R004"":1.0,""R005"":1.0,""R006"":1.0,""R007"":1.0,""R008"":1.0,""R009"":1.0,""R010"":1.0,""R011"":1.0}",[],SCORED,177ecc391d752bcaf453ee92a5a2f639fc282f7a65aa036253c11907a90c8caa,7fccc4edac8f8d65742fa0d1b63ba462b892cb1a3d64d3683691765920da0955,,0.107
P15-A-STAT-EXPERIMENT-001,noop,noop,LIVE_PHYSICAL_REPLAY,True,negative,"[""pass:false""]",SCORE_REPLAYED,0.391304,False,True,0.391304,False,OK,True,An uncompleted analysis workbook does not pass.,False,"{""R001"":1.0,""R002"":1.0,""R003"":0.0,""R004"":0.0,""R005"":0.0,""R006"":0.0,""R007"":0.0,""R008"":1.0,""R009"":1.0,""R010"":0.0,""R011"":1.0}","[""DECISION_NOT_CONSISTENT_WITH_P_VALUE"",""INFERENTIAL_VALUE_MISMATCH:df:Checks!B5"",""METRIC_NOT_FOUND:ci_lower"",""METRIC_NOT_FOUND:ci_upper"",""METRIC_NOT_FOUND:mean"",""METRIC_NOT_FOUND:n"",""METRIC_NOT_FOUND:p"",""METRIC_NOT_FOUND:planned_n"",""METRIC_NOT_FOUND:sd"",""METRIC_NOT_FOUND:se"",""METRIC_NOT_FOUND:t""]",SCORED,177ecc391d752bcaf453ee92a5a2f639fc282f7a65aa036253c11907a90c8caa,7fccc4edac8f8d65742fa0d1b63ba462b892cb1a3d64d3683691765920da0955,,0.1142
P15-A-STAT-EXPERIMENT-001,malformed,malformed,LIVE_PHYSICAL_REPLAY,True,negative,"[""eq:0.0"",""pass:false""]",SCORE_REPLAYED,0.0,False,True,0.0,False,OK,True,A non-workbook cannot pass.,False,"{""R001"":0.0,""R002"":0.0,""R003"":0.0,""R004"":0.0,""R005"":0.0,""R006"":0.0,""R007"":0.0,""R008"":0.0,""R009"":0.0,""R010"":0.0,""R011"":0.0}","[""MALFORMED_XLSX:BadZipFile""]",SCORED,177ecc391d752bcaf453ee92a5a2f639fc282f7a65aa036253c11907a90c8caa,7fccc4edac8f8d65742fa0d1b63ba462b892cb1a3d64d3683691765920da0955,,0.099
P15-A-STAT-EXPERIMENT-001,mutant,independent_groups_error,LIVE_PHYSICAL_REPLAY,True,positive,"[""pass:true""]",SCORE_REPLAYED,1.0,True,True,1.0,True,OK,True,"This seed changes mean(differences) to mean(Group 2)-mean(Group 1), which is algebraically identical; the remaining SD, SE, and test stay paired, so it is an equivalent implementation rather than a true error.",False,"{""R001"":1.0,""R002"":1.0,""R003"":1.0,""R004"":1.0,""R005"":1.0,""R006"":1.0,""R007"":1.0,""R008"":1.0,""R009"":1.0,""R010"":1.0,""R011"":1.0}",[],SCORED,177ecc391d752bcaf453ee92a5a2f639fc282f7a65aa036253c11907a90c8caa,7fccc4edac8f8d65742fa0d1b63ba462b892cb1a3d64d3683691765920da0955,,0.1131
P15-A-STAT-EXPERIMENT-001,mutant,missing_observation_error,LIVE_PHYSICAL_REPLAY,True,negative,"[""pass:false""]",SCORE_REPLAYED,0.565217,False,True,0.565217,False,OK,True,The seeded statistical-method defect must prevent a pass.,False,"{""R001"":1.0,""R002"":1.0,""R003"":0.0,""R004"":0.0,""R005"":0.0,""R006"":0.0,""R007"":1.0,""R008"":1.0,""R009"":1.0,""R010"":1.0,""R011"":1.0}","[""INFERENTIAL_VALUE_MISMATCH:ci_lower:Analysis!B11"",""INFERENTIAL_VALUE_MISMATCH:ci_upper:Analysis!B12"",""INFERENTIAL_VALUE_MISMATCH:df:Analysis!B9"",""INFERENTIAL_VALUE_MISMATCH:mean:Analysis!B5"",""INFERENTIAL_VALUE_MISMATCH:n:Analysis!B4"",""INFERENTIAL_VALUE_MISMATCH:p:Analysis!B10"",""INFERENTIAL_VALUE_MISMATCH:sd:Analysis!B6"",""INFERENTIAL_VALUE_MISMATCH:se:Analysis!B7"",""INFERENTIAL_VALUE_MISMATCH:t:Analysis!B8""]",SCORED,177ecc391d752bcaf453ee92a5a2f639fc282f7a65aa036253c11907a90c8caa,7fccc4edac8f8d65742fa0d1b63ba462b892cb1a3d64d3683691765920da0955,,0.1113
P15-A-STAT-EXPERIMENT-001,mutant,one_tailed_error,LIVE_PHYSICAL_REPLAY,True,negative,"[""pass:false""]",SCORE_REPLAYED,0.869565,False,True,0.869565,False,OK,True,The seeded statistical-method defect must prevent a pass.,True,"{""R001"":1.0,""R002"":1.0,""R003"":1.0,""R004"":1.0,""R005"":0.0,""R006"":1.0,""R007"":1.0,""R008"":1.0,""R009"":1.0,""R010"":1.0,""R011"":1.0}","[""INFERENTIAL_VALUE_MISMATCH:p:Analysis!B10""]",SCORED,177ecc391d752bcaf453ee92a5a2f639fc282f7a65aa036253c11907a90c8caa,7fccc4edac8f8d65742fa0d1b63ba462b892cb1a3d64d3683691765920da0955,,0.1108
P15-A-STAT-EXPERIMENT-001,mutant,wrong_variance_error,LIVE_PHYSICAL_REPLAY,True,negative,"[""pass:false""]",SCORE_REPLAYED,0.652174,False,True,0.652174,False,OK,True,The seeded statistical-method defect must prevent a pass.,False,"{""R001"":1.0,""R002"":1.0,""R003"":1.0,""R004"":0.0,""R005"":0.0,""R006"":0.0,""R007"":1.0,""R008"":1.0,""R009"":1.0,""R010"":1.0,""R011"":1.0}","[""INFERENTIAL_VALUE_MISMATCH:ci_lower:Analysis!B11"",""INFERENTIAL_VALUE_MISMATCH:ci_upper:Analysis!B12"",""INFERENTIAL_VALUE_MISMATCH:p:Analysis!B10"",""INFERENTIAL_VALUE_MISMATCH:sd:Analysis!B6"",""INFERENTIAL_VALUE_MISMATCH:se:Analysis!B7"",""INFERENTIAL_VALUE_MISMATCH:t:Analysis!B8""]",SCORED,177ecc391d752bcaf453ee92a5a2f639fc282f7a65aa036253c11907a90c8caa,7fccc4edac8f8d65742fa0d1b63ba462b892cb1a3d64d3683691765920da0955,,0.1092
P15-A-STAT-EXPERIMENT-001,generated_v3,mutant:contradictory_decisions,SAVED_ONLY_FROZEN_VALIDATION_CLAIM,False,negative,"[""pass:false""]",SAVED_ONLY_VALIDATION_CLAIM,0.913043,False,True,0.913043,False,,True,Opposite inferential conclusions cannot jointly satisfy the decision summary.,True,"{""R001"":1.0,""R002"":1.0,""R003"":1.0,""R004"":1.0,""R005"":1.0,""R006"":1.0,""R007"":1.0,""R008"":1.0,""R009"":1.0,""R010"":0.0,""R011"":1.0}","[""DECISION_NOT_CONSISTENT_WITH_P_VALUE""]",OK,177ecc391d752bcaf453ee92a5a2f639fc282f7a65aa036253c11907a90c8caa,7fccc4edac8f8d65742fa0d1b63ba462b892cb1a3d64d3683691765920da0955,,
P15-A-STAT-EXPERIMENT-001,generated_v3,mutant:duplicate_subject_identity,SAVED_ONLY_FROZEN_VALIDATION_CLAIM,False,negative,"[""pass:false""]",SAVED_ONLY_VALIDATION_CLAIM,0.913043,False,True,0.913043,False,,True,Duplicate or changed subject IDs break the frozen pairing identity even when the numeric columns are unchanged.,True,"{""R001"":1.0,""R002"":1.0,""R003"":1.0,""R004"":1.0,""R005"":1.0,""R006"":1.0,""R007"":1.0,""R008"":1.0,""R009"":1.0,""R010"":1.0,""R011"":0.0}","[""SOURCE_PAIR_IDENTITIES_OR_OBSERVATIONS_CHANGED""]",OK,177ecc391d752bcaf453ee92a5a2f639fc282f7a65aa036253c11907a90c8caa,7fccc4edac8f8d65742fa0d1b63ba462b892cb1a3d64d3683691765920da0955,,
P15-B-FIN-RECON-001,reference,reference,LIVE_PHYSICAL_REPLAY,True,positive,"[""eq:1.0"",""pass:true""]",SCORE_REPLAYED,1.0,True,True,1.0,True,,True,group default,False,"{""R001"":1.0,""R002"":1.0,""R003"":1.0,""R004"":1.0,""R005"":1.0,""R006"":1.0,""R007"":1.0,""R008"":1.0,""R009"":1.0}",[],SCORED,81ab7df5777cbe31da5cbf9330ce7d9e0ec24f21603be99cc8d9680a0659d440,7fccc4edac8f8d65742fa0d1b63ba462b892cb1a3d64d3683691765920da0955,,0.1096
P15-B-FIN-RECON-001,equivalent,equivalent,LIVE_PHYSICAL_REPLAY,True,positive,"[""ge:0.95"",""pass:true""]",SCORE_REPLAYED,1.0,True,True,1.0,True,,True,group default,False,"{""R001"":1.0,""R002"":1.0,""R003"":1.0,""R004"":1.0,""R005"":1.0,""R006"":1.0,""R007"":1.0,""R008"":1.0,""R009"":1.0}",[],SCORED,81ab7df5777cbe31da5cbf9330ce7d9e0ec24f21603be99cc8d9680a0659d440,7fccc4edac8f8d65742fa0d1b63ba462b892cb1a3d64d3683691765920da0955,,0.106
P15-B-FIN-RECON-001,noop,noop,LIVE_PHYSICAL_REPLAY,True,negative,"[""pass:false""]",SCORE_REPLAYED,0.115385,False,True,0.115385,False,,True,group default,False,"{""R001"":0.0,""R002"":0.0,""R003"":0.0,""R004"":0.0,""R005"":0.0,""R006"":0.0,""R007"":0.0,""R008"":1.0,""R009"":0.0}","[""FINAL_RECONCILIATION_MISMATCH"",""MATCHED_RECORDS_MISMATCH"",""NORMALIZED_RECORDS_MISMATCH"",""RECONCILIATION_CHECKS_MISMATCH"",""UNMATCHED_RECORDS_MISMATCH"",""VARIANCE_BRIDGE_VALUES_MISMATCH""]",SCORED,81ab7df5777cbe31da5cbf9330ce7d9e0ec24f21603be99cc8d9680a0659d440,7fccc4edac8f8d65742fa0d1b63ba462b892cb1a3d64d3683691765920da0955,,0.1095
P15-B-FIN-RECON-001,malformed,malformed,LIVE_PHYSICAL_REPLAY,True,negative,"[""eq:0.0"",""pass:false""]",SCORE_REPLAYED,0.0,False,True,0.0,False,,True,group default,False,"{""R001"":0.0,""R002"":0.0,""R003"":0.0,""R004"":0.0,""R005"":0.0,""R006"":0.0,""R007"":0.0,""R008"":0.0,""R009"":0.0}","[""MALFORMED_XLSX:BadZipFile""]",SCORED,81ab7df5777cbe31da5cbf9330ce7d9e0ec24f21603be99cc8d9680a0659d440,7fccc4edac8f8d65742fa0d1b63ba462b892cb1a3d64d3683691765920da0955,,0.0973
P15-B-FIN-RECON-001,mutant,collateral_ledger_edit,LIVE_PHYSICAL_REPLAY,True,negative,"[""pass:false""]",SCORE_REPLAYED,0.384615,False,True,0.384615,False,,True,group default,False,"{""R001"":0.0,""R002"":1.0,""R003"":0.0,""R004"":0.0,""R005"":1.0,""R006"":0.0,""R007"":1.0,""R008"":0.0,""R009"":0.0}","[""FINAL_RECONCILIATION_MISMATCH"",""MATCHED_RECORDS_MISMATCH"",""PROTECTED_FINANCE_SOURCE_CHANGED"",""RECONCILIATION_CHECKS_MISMATCH"",""VARIANCE_BRIDGE_VALUES_MISMATCH""]",SCORED,81ab7df5777cbe31da5cbf9330ce7d9e0ec24f21603be99cc8d9680a0659d440,7fccc4edac8f8d65742fa0d1b63ba462b892cb1a3d64d3683691765920da0955,,0.1071
P15-B-FIN-RECON-001,mutant,dropped_unmatched_item,LIVE_PHYSICAL_REPLAY,True,negative,"[""pass:false""]",SCORE_REPLAYED,0.5,False,True,0.5,False,,True,group default,False,"{""R001"":0.0,""R002"":1.0,""R003"":0.0,""R004"":0.0,""R005"":1.0,""R006"":1.0,""R007"":0.0,""R008"":1.0,""R009"":0.0}","[""FINAL_RECONCILIATION_MISMATCH"",""MATCHED_RECORDS_MISMATCH"",""RECONCILIATION_CHECKS_MISMATCH"",""UNMATCHED_RECORDS_MISMATCH"",""VARIANCE_BRIDGE_VALUES_MISMATCH""]",SCORED,81ab7df5777cbe31da5cbf9330ce7d9e0ec24f21603be99cc8d9680a0659d440,7fccc4edac8f8d65742fa0d1b63ba462b892cb1a3d64d3683691765920da0955,,0.1053
P15-B-FIN-RECON-001,mutant,omitted_adjustment,LIVE_PHYSICAL_REPLAY,True,negative,"[""pass:false""]",SCORE_REPLAYED,0.5,False,True,0.5,False,,True,group default,False,"{""R001"":0.0,""R002"":1.0,""R003"":0.0,""R004"":0.0,""R005"":1.0,""R006"":0.0,""R007"":1.0,""R008"":1.0,""R009"":0.0}","[""FINAL_RECONCILIATION_MISMATCH"",""MATCHED_RECORDS_MISMATCH"",""RECONCILIATION_CHECKS_MISMATCH"",""VARIANCE_BRIDGE_VALUES_MISMATCH""]",SCORED,81ab7df5777cbe31da5cbf9330ce7d9e0ec24f21603be99cc8d9680a0659d440,7fccc4edac8f8d65742fa0d1b63ba462b892cb1a3d64d3683691765920da0955,,0.1058
P15-B-FIN-RECON-001,mutant,wrong_fx_date,LIVE_PHYSICAL_REPLAY,True,negative,"[""pass:false""]",SCORE_REPLAYED,0.346154,False,True,0.346154,False,,True,group default,False,"{""R001"":0.0,""R002"":0.0,""R003"":0.0,""R004"":0.0,""R005"":0.0,""R006"":1.0,""R007"":1.0,""R008"":1.0,""R009"":0.0}","[""FINAL_RECONCILIATION_MISMATCH"",""MATCHED_RECORDS_MISMATCH"",""NORMALIZED_RECORDS_MISMATCH"",""RECONCILIATION_CHECKS_MISMATCH"",""VARIANCE_BRIDGE_VALUES_MISMATCH""]",SCORED,81ab7df5777cbe31da5cbf9330ce7d9e0ec24f21603be99cc8d9680a0659d440,7fccc4edac8f8d65742fa0d1b63ba462b892cb1a3d64d3683691765920da0955,,0.1065
P15-B-FIN-RECON-001,mutant,wrong_transaction_match,LIVE_PHYSICAL_REPLAY,True,negative,"[""pass:false""]",SCORE_REPLAYED,0.5,False,True,0.5,False,,True,group default,False,"{""R001"":0.0,""R002"":1.0,""R003"":0.0,""R004"":0.0,""R005"":1.0,""R006"":0.0,""R007"":1.0,""R008"":1.0,""R009"":0.0}","[""FINAL_RECONCILIATION_MISMATCH"",""MATCHED_RECORDS_MISMATCH"",""RECONCILIATION_CHECKS_MISMATCH"",""VARIANCE_BRIDGE_VALUES_MISMATCH""]",SCORED,81ab7df5777cbe31da5cbf9330ce7d9e0ec24f21603be99cc8d9680a0659d440,7fccc4edac8f8d65742fa0d1b63ba462b892cb1a3d64d3683691765920da0955,,0.1063
P15-B-FIN-RECON-001,generated_v3,alternative_layout:renamed_checks,SAVED_ONLY_FROZEN_VALIDATION_CLAIM,False,positive,"[""pass:true"",""ge:0.7""]",SAVED_ONLY_VALIDATION_CLAIM,1.0,True,True,1.0,True,,True,task-local V3 validator,False,{},[],SAVED_VALIDATION,81ab7df5777cbe31da5cbf9330ce7d9e0ec24f21603be99cc8d9680a0659d440,7fccc4edac8f8d65742fa0d1b63ba462b892cb1a3d64d3683691765920da0955,,
P15-B-FIN-RECON-001,generated_v3,confirm_reference,SAVED_ONLY_FROZEN_VALIDATION_CLAIM,False,positive,"[""pass:true"",""ge:0.7""]",SAVED_ONLY_VALIDATION_CLAIM,1.0,True,True,1.0,True,,True,task-local V3 validator,False,{},[],SAVED_VALIDATION,81ab7df5777cbe31da5cbf9330ce7d9e0ec24f21603be99cc8d9680a0659d440,7fccc4edac8f8d65742fa0d1b63ba462b892cb1a3d64d3683691765920da0955,,
P15-B-FIN-RECON-001,generated_v3,negative:duplicate_match,SAVED_ONLY_FROZEN_VALIDATION_CLAIM,False,negative,"[""pass:false""]",SAVED_ONLY_VALIDATION_CLAIM,0.692308,False,True,0.692308,False,,True,task-local V3 validator,False,{},"[""MATCHED_RECORDS_MISMATCH""]",SAVED_VALIDATION,81ab7df5777cbe31da5cbf9330ce7d9e0ec24f21603be99cc8d9680a0659d440,7fccc4edac8f8d65742fa0d1b63ba462b892cb1a3d64d3683691765920da0955,,
P15-B-FIN-RECON-001,generated_v3,negative:duplicate_unmatched,SAVED_ONLY_FROZEN_VALIDATION_CLAIM,False,negative,"[""pass:false""]",SAVED_ONLY_VALIDATION_CLAIM,0.730769,False,True,0.730769,False,,True,task-local V3 validator,True,{},"[""UNMATCHED_RECORDS_MISMATCH""]",SAVED_VALIDATION,81ab7df5777cbe31da5cbf9330ce7d9e0ec24f21603be99cc8d9680a0659d440,7fccc4edac8f8d65742fa0d1b63ba462b892cb1a3d64d3683691765920da0955,,
P15-B-FIN-RECON-001,generated_v3,negative:out_of_period_match,SAVED_ONLY_FROZEN_VALIDATION_CLAIM,False,negative,"[""pass:false""]",SAVED_ONLY_VALIDATION_CLAIM,0.692308,False,True,0.692308,False,,True,task-local V3 validator,False,{},"[""MATCHED_RECORDS_MISMATCH""]",SAVED_VALIDATION,81ab7df5777cbe31da5cbf9330ce7d9e0ec24f21603be99cc8d9680a0659d440,7fccc4edac8f8d65742fa0d1b63ba462b892cb1a3d64d3683691765920da0955,,
P15-B-FIN-RECON-001,generated_v3,negative:wrong_bridge_keywords_do_not_close,SAVED_ONLY_FROZEN_VALIDATION_CLAIM,False,negative,"[""pass:false""]",SAVED_ONLY_VALIDATION_CLAIM,0.769231,False,True,0.769231,False,,True,task-local V3 validator,True,{},"[""RECONCILIATION_CHECKS_MISMATCH"",""VARIANCE_BRIDGE_VALUES_MISMATCH""]",SAVED_VALIDATION,81ab7df5777cbe31da5cbf9330ce7d9e0ec24f21603be99cc8d9680a0659d440,7fccc4edac8f8d65742fa0d1b63ba462b892cb1a3d64d3683691765920da0955,,
P15-B-HEALTH-REPORT-001,reference,reference,LIVE_PHYSICAL_REPLAY,True,positive,"[""eq:1.0"",""pass:true""]",SCORE_REPLAYED,1.0,True,True,1.0,True,,True,group default,False,"{""R001"":1.0,""R002"":1.0,""R003"":1.0,""R004"":1.0,""R005"":1.0,""R006"":1.0,""R007"":1.0,""R008"":1.0,""R009"":1.0}",[],SCORED,fcb8cb2d003cece1e743007c9b7b3a9e59a3b0ca665e1f0d56bf57aa562604fe,7fccc4edac8f8d65742fa0d1b63ba462b892cb1a3d64d3683691765920da0955,,0.111
P15-B-HEALTH-REPORT-001,equivalent,equivalent,LIVE_PHYSICAL_REPLAY,True,positive,"[""ge:0.95"",""pass:true""]",SCORE_REPLAYED,1.0,True,True,1.0,True,,True,group default,False,"{""R001"":1.0,""R002"":1.0,""R003"":1.0,""R004"":1.0,""R005"":1.0,""R006"":1.0,""R007"":1.0,""R008"":1.0,""R009"":1.0}",[],SCORED,fcb8cb2d003cece1e743007c9b7b3a9e59a3b0ca665e1f0d56bf57aa562604fe,7fccc4edac8f8d65742fa0d1b63ba462b892cb1a3d64d3683691765920da0955,,0.115
P15-B-HEALTH-REPORT-001,noop,noop,LIVE_PHYSICAL_REPLAY,True,negative,"[""pass:false""]",SCORE_REPLAYED,0.148148,False,True,0.148148,False,,True,group default,False,"{""R001"":1.0,""R002"":0.0,""R003"":0.0,""R004"":0.0,""R005"":0.0,""R006"":0.0,""R007"":0.0,""R008"":1.0,""R009"":0.0}","[""CHART_SERIES_OR_CATEGORY_BINDING_MISMATCH""]",SCORED,fcb8cb2d003cece1e743007c9b7b3a9e59a3b0ca665e1f0d56bf57aa562604fe,7fccc4edac8f8d65742fa0d1b63ba462b892cb1a3d64d3683691765920da0955,,0.1112
P15-B-HEALTH-REPORT-001,malformed,malformed,LIVE_PHYSICAL_REPLAY,True,negative,"[""eq:0.0"",""pass:false""]",SCORE_REPLAYED,0.0,False,True,0.0,False,,True,group default,False,"{""R001"":0.0,""R002"":0.0,""R003"":0.0,""R004"":0.0,""R005"":0.0,""R006"":0.0,""R007"":0.0,""R008"":0.0,""R009"":0.0}","[""MALFORMED_XLSX:BadZipFile""]",SCORED,fcb8cb2d003cece1e743007c9b7b3a9e59a3b0ca665e1f0d56bf57aa562604fe,7fccc4edac8f8d65742fa0d1b63ba462b892cb1a3d64d3683691765920da0955,,0.1027
P15-B-HEALTH-REPORT-001,mutant,collateral_health_source_edit,LIVE_PHYSICAL_REPLAY,True,negative,"[""pass:false""]",SCORE_REPLAYED,0.333333,False,True,0.333333,False,,True,group default,False,"{""R001"":1.0,""R002"":1.0,""R003"":0.0,""R004"":0.0,""R005"":0.0,""R006"":0.0,""R007"":1.0,""R008"":0.0,""R009"":0.0}","[""PROTECTED_HEALTH_SOURCE_CHANGED""]",SCORED,fcb8cb2d003cece1e743007c9b7b3a9e59a3b0ca665e1f0d56bf57aa562604fe,7fccc4edac8f8d65742fa0d1b63ba462b892cb1a3d64d3683691765920da0955,,0.1161
P15-B-HEALTH-REPORT-001,mutant,hardcoded_report_claim,LIVE_PHYSICAL_REPLAY,True,negative,"[""pass:false""]",SCORE_REPLAYED,0.814815,False,True,0.814815,False,,True,group default,True,"{""R001"":1.0,""R002"":1.0,""R003"":1.0,""R004"":1.0,""R005"":1.0,""R006"":0.0,""R007"":1.0,""R008"":1.0,""R009"":0.0}",[],SCORED,fcb8cb2d003cece1e743007c9b7b3a9e59a3b0ca665e1f0d56bf57aa562604fe,7fccc4edac8f8d65742fa0d1b63ba462b892cb1a3d64d3683691765920da0955,,0.1158
P15-B-HEALTH-REPORT-001,mutant,stale_chart_data,LIVE_PHYSICAL_REPLAY,True,negative,"[""pass:false""]",SCORE_REPLAYED,0.777778,False,True,0.777778,False,,True,group default,True,"{""R001"":1.0,""R002"":1.0,""R003"":1.0,""R004"":1.0,""R005"":1.0,""R006"":1.0,""R007"":0.0,""R008"":1.0,""R009"":0.0}","[""CHART_SERIES_OR_CATEGORY_BINDING_MISMATCH""]",SCORED,fcb8cb2d003cece1e743007c9b7b3a9e59a3b0ca665e1f0d56bf57aa562604fe,7fccc4edac8f8d65742fa0d1b63ba462b892cb1a3d64d3683691765920da0955,,0.1128
P15-B-HEALTH-REPORT-001,mutant,wrong_geography_mapping,LIVE_PHYSICAL_REPLAY,True,negative,"[""pass:false""]",SCORE_REPLAYED,0.555556,False,True,0.555556,False,,True,group default,False,"{""R001"":1.0,""R002"":0.0,""R003"":1.0,""R004"":0.0,""R005"":0.0,""R006"":1.0,""R007"":1.0,""R008"":1.0,""R009"":0.0}",[],SCORED,fcb8cb2d003cece1e743007c9b7b3a9e59a3b0ca665e1f0d56bf57aa562604fe,7fccc4edac8f8d65742fa0d1b63ba462b892cb1a3d64d3683691765920da0955,,0.1124
P15-B-HEALTH-REPORT-001,mutant,wrong_time_alignment,LIVE_PHYSICAL_REPLAY,True,negative,"[""pass:false""]",SCORE_REPLAYED,0.444444,False,True,0.444444,False,,True,group default,False,"{""R001"":1.0,""R002"":1.0,""R003"":0.0,""R004"":0.0,""R005"":0.0,""R006"":0.0,""R007"":1.0,""R008"":1.0,""R009"":0.0}",[],SCORED,fcb8cb2d003cece1e743007c9b7b3a9e59a3b0ca665e1f0d56bf57aa562604fe,7fccc4edac8f8d65742fa0d1b63ba462b892cb1a3d64d3683691765920da0955,,0.11
P15-B-HEALTH-REPORT-001,generated_v3,alternative_layout:validation_checks_with_spaces,SAVED_ONLY_FROZEN_VALIDATION_CLAIM,False,positive,"[""pass:true"",""ge:0.7""]",SAVED_ONLY_VALIDATION_CLAIM,1.0,True,True,1.0,True,,True,task-local V3 validator,False,{},[],SAVED_VALIDATION,fcb8cb2d003cece1e743007c9b7b3a9e59a3b0ca665e1f0d56bf57aa562604fe,7fccc4edac8f8d65742fa0d1b63ba462b892cb1a3d64d3683691765920da0955,,
P15-B-HEALTH-REPORT-001,generated_v3,confirm_reference,SAVED_ONLY_FROZEN_VALIDATION_CLAIM,False,positive,"[""pass:true"",""ge:0.7""]",SAVED_ONLY_VALIDATION_CLAIM,1.0,True,True,1.0,True,,True,task-local V3 validator,False,{},[],SAVED_VALIDATION,fcb8cb2d003cece1e743007c9b7b3a9e59a3b0ca665e1f0d56bf57aa562604fe,7fccc4edac8f8d65742fa0d1b63ba462b892cb1a3d64d3683691765920da0955,,
P15-B-HEALTH-REPORT-001,generated_v3,equivalent:chart_direct_period_metrics,SAVED_ONLY_FROZEN_VALIDATION_CLAIM,False,positive,"[""pass:true"",""ge:0.7""]",SAVED_ONLY_VALIDATION_CLAIM,1.0,True,True,1.0,True,,True,task-local V3 validator,False,{},[],SAVED_VALIDATION,fcb8cb2d003cece1e743007c9b7b3a9e59a3b0ca665e1f0d56bf57aa562604fe,7fccc4edac8f8d65742fa0d1b63ba462b892cb1a3d64d3683691765920da0955,,
P15-B-HEALTH-REPORT-001,generated_v3,equivalent:static_metrics_with_unrelated_formula,SAVED_ONLY_FROZEN_VALIDATION_CLAIM,False,positive,"[""pass:true"",""ge:0.7""]",SAVED_ONLY_VALIDATION_CLAIM,1.0,True,True,1.0,True,,True,task-local V3 validator,False,{},[],SAVED_VALIDATION,fcb8cb2d003cece1e743007c9b7b3a9e59a3b0ca665e1f0d56bf57aa562604fe,7fccc4edac8f8d65742fa0d1b63ba462b892cb1a3d64d3683691765920da0955,,
P15-B-OPS-CLEAN-JOIN-001,reference,reference,LIVE_PHYSICAL_REPLAY,True,positive,"[""eq:1.0"",""pass:true""]",SCORE_REPLAYED,1.0,True,True,1.0,True,,True,group default,False,"{""R001"":1.0,""R002"":1.0,""R003"":1.0,""R004"":1.0,""R005"":1.0,""R006"":1.0,""R007"":1.0,""R008"":1.0,""R009"":1.0}",[],SCORED,36cb9b07097a259db0df8bb4f0821e3cf638b57b6778453e7859034549de72be,7fccc4edac8f8d65742fa0d1b63ba462b892cb1a3d64d3683691765920da0955,,0.1059
P15-B-OPS-CLEAN-JOIN-001,equivalent,equivalent,LIVE_PHYSICAL_REPLAY,True,positive,"[""ge:0.95"",""pass:true""]",SCORE_REPLAYED,1.0,True,True,1.0,True,,True,group default,False,"{""R001"":1.0,""R002"":1.0,""R003"":1.0,""R004"":1.0,""R005"":1.0,""R006"":1.0,""R007"":1.0,""R008"":1.0,""R009"":1.0}",[],SCORED,36cb9b07097a259db0df8bb4f0821e3cf638b57b6778453e7859034549de72be,7fccc4edac8f8d65742fa0d1b63ba462b892cb1a3d64d3683691765920da0955,,0.1059
P15-B-OPS-CLEAN-JOIN-001,noop,noop,LIVE_PHYSICAL_REPLAY,True,negative,"[""pass:false""]",SCORE_REPLAYED,0.153846,False,True,0.153846,False,,True,group default,False,"{""R001"":1.0,""R002"":0.0,""R003"":0.0,""R004"":0.0,""R005"":0.0,""R006"":0.0,""R007"":0.0,""R008"":1.0,""R009"":0.0}","[""BUSINESS_EXCEPTIONS_MISMATCH"",""CLEAN_CLASSIFICATION_NOT_PROVEN"",""CLEAN_RECORDS_MISMATCH"",""JOINED_RECORDS_MISMATCH""]",SCORED,36cb9b07097a259db0df8bb4f0821e3cf638b57b6778453e7859034549de72be,7fccc4edac8f8d65742fa0d1b63ba462b892cb1a3d64d3683691765920da0955,,0.1028
P15-B-OPS-CLEAN-JOIN-001,malformed,malformed,LIVE_PHYSICAL_REPLAY,True,negative,"[""eq:0.0"",""pass:false""]",SCORE_REPLAYED,0.0,False,True,0.0,False,,True,group default,False,"{""R001"":0.0,""R002"":0.0,""R003"":0.0,""R004"":0.0,""R005"":0.0,""R006"":0.0,""R007"":0.0,""R008"":0.0,""R009"":0.0}","[""MALFORMED_XLSX:BadZipFile""]",SCORED,36cb9b07097a259db0df8bb4f0821e3cf638b57b6778453e7859034549de72be,7fccc4edac8f8d65742fa0d1b63ba462b892cb1a3d64d3683691765920da0955,,0.1031
P15-B-OPS-CLEAN-JOIN-001,mutant,dropped_exception,LIVE_PHYSICAL_REPLAY,True,negative,"[""pass:false""]",SCORE_REPLAYED,0.884615,False,True,0.884615,False,,True,group default,True,"{""R001"":1.0,""R002"":1.0,""R003"":1.0,""R004"":1.0,""R005"":1.0,""R006"":1.0,""R007"":0.0,""R008"":1.0,""R009"":1.0}","[""BUSINESS_EXCEPTIONS_MISMATCH""]",SCORED,36cb9b07097a259db0df8bb4f0821e3cf638b57b6778453e7859034549de72be,7fccc4edac8f8d65742fa0d1b63ba462b892cb1a3d64d3683691765920da0955,,0.1061
P15-B-OPS-CLEAN-JOIN-001,mutant,duplicate_included,LIVE_PHYSICAL_REPLAY,True,negative,"[""pass:false""]",SCORE_REPLAYED,0.730769,False,True,0.730769,False,,True,group default,True,"{""R001"":1.0,""R002"":1.0,""R003"":0.0,""R004"":0.0,""R005"":1.0,""R006"":1.0,""R007"":1.0,""R008"":1.0,""R009"":1.0}","[""JOINED_RECORDS_MISMATCH""]",SCORED,36cb9b07097a259db0df8bb4f0821e3cf638b57b6778453e7859034549de72be,7fccc4edac8f8d65742fa0d1b63ba462b892cb1a3d64d3683691765920da0955,,0.104
P15-B-OPS-CLEAN-JOIN-001,mutant,hardcoded_extended_cost,LIVE_PHYSICAL_REPLAY,True,positive,"[""pass:true""]",SCORE_REPLAYED,1.0,True,True,1.0,True,,True,group default,False,"{""R001"":1.0,""R002"":1.0,""R003"":1.0,""R004"":1.0,""R005"":1.0,""R006"":1.0,""R007"":1.0,""R008"":1.0,""R009"":1.0}",[],SCORED,36cb9b07097a259db0df8bb4f0821e3cf638b57b6778453e7859034549de72be,7fccc4edac8f8d65742fa0d1b63ba462b892cb1a3d64d3683691765920da0955,,0.1047
P15-B-OPS-CLEAN-JOIN-001,mutant,wrong_cleaning_and_source_edit,LIVE_PHYSICAL_REPLAY,True,negative,"[""pass:false""]",SCORE_REPLAYED,0.038462,False,True,0.038462,False,,True,group default,False,"{""R001"":1.0,""R002"":0.0,""R003"":0.0,""R004"":0.0,""R005"":0.0,""R006"":0.0,""R007"":0.0,""R008"":0.0,""R009"":0.0}","[""CLEAN_CLASSIFICATION_NOT_PROVEN"",""CLEAN_RECORDS_MISMATCH"",""JOINED_RECORDS_MISMATCH"",""PROTECTED_SOURCE_TABLE_CHANGED"",""PROTECTED_SOURCE_TABLE_NOT_PROVEN""]",SCORED,36cb9b07097a259db0df8bb4f0821e3cf638b57b6778453e7859034549de72be,7fccc4edac8f8d65742fa0d1b63ba462b892cb1a3d64d3683691765920da0955,,0.1057
P15-B-OPS-CLEAN-JOIN-001,mutant,wrong_product_join,LIVE_PHYSICAL_REPLAY,True,negative,"[""pass:false""]",SCORE_REPLAYED,0.307692,False,True,0.307692,False,,True,group default,False,"{""R001"":1.0,""R002"":1.0,""R003"":0.0,""R004"":0.0,""R005"":0.0,""R006"":0.0,""R007"":0.0,""R008"":1.0,""R009"":0.0}","[""JOINED_RECORDS_MISMATCH""]",SCORED,36cb9b07097a259db0df8bb4f0821e3cf638b57b6778453e7859034549de72be,7fccc4edac8f8d65742fa0d1b63ba462b892cb1a3d64d3683691765920da0955,,0.1015
P15-B-OPS-CLEAN-JOIN-001,generated_v3,alternative_layout:data_quality_checks_with_spaces,SAVED_ONLY_FROZEN_VALIDATION_CLAIM,False,positive,"[""pass:true"",""ge:0.7""]",SAVED_ONLY_VALIDATION_CLAIM,1.0,True,True,1.0,True,,True,"Correct normalization, three valid joins, $3,940 total, four retained exceptions, weekly view, and protected sources may use any clear columns or formulas/static values. Wrong joins, duplicates, exceptions, or source facts must fail.",False,{},[],SAVED_VALIDATION,36cb9b07097a259db0df8bb4f0821e3cf638b57b6778453e7859034549de72be,7fccc4edac8f8d65742fa0d1b63ba462b892cb1a3d64d3683691765920da0955,,
P15-B-OPS-CLEAN-JOIN-001,generated_v3,confirm_reference,SAVED_ONLY_FROZEN_VALIDATION_CLAIM,False,positive,"[""pass:true"",""ge:0.7""]",SAVED_ONLY_VALIDATION_CLAIM,1.0,True,True,1.0,True,,True,"Correct normalization, three valid joins, $3,940 total, four retained exceptions, weekly view, and protected sources may use any clear columns or formulas/static values. Wrong joins, duplicates, exceptions, or source facts must fail.",False,{},[],SAVED_VALIDATION,36cb9b07097a259db0df8bb4f0821e3cf638b57b6778453e7859034549de72be,7fccc4edac8f8d65742fa0d1b63ba462b892cb1a3d64d3683691765920da0955,,
P15-B-PUBLIC-PIVOT-001,reference,reference,LIVE_PHYSICAL_REPLAY,True,positive,"[""eq:1.0"",""status:NATIVE_OBJECT_CHECKED"",""pass:true""]",SCORE_REPLAYED,1.0,True,True,1.0,True,NATIVE_OBJECT_CHECKED,True,group default,False,"{""R001"":1.0,""R002"":1.0,""R003"":1.0,""R004"":1.0,""R005"":1.0,""R006"":1.0,""R007"":1.0,""R008"":1.0,""R009"":1.0}",[],NATIVE_OBJECT_CHECKED,a8138f435dafa3f05640e685c41f436bc8ab5c3169275fd2e5c6e7efb0c80d60,7fccc4edac8f8d65742fa0d1b63ba462b892cb1a3d64d3683691765920da0955,,0.1181
P15-B-PUBLIC-PIVOT-001,equivalent,equivalent,LIVE_PHYSICAL_REPLAY,True,positive,"[""ge:0.95"",""status:NATIVE_OBJECT_CHECKED"",""pass:true""]",SCORE_REPLAYED,1.0,True,True,1.0,True,NATIVE_OBJECT_CHECKED,True,group default,False,"{""R001"":1.0,""R002"":1.0,""R003"":1.0,""R004"":1.0,""R005"":1.0,""R006"":1.0,""R007"":1.0,""R008"":1.0,""R009"":1.0}",[],NATIVE_OBJECT_CHECKED,a8138f435dafa3f05640e685c41f436bc8ab5c3169275fd2e5c6e7efb0c80d60,7fccc4edac8f8d65742fa0d1b63ba462b892cb1a3d64d3683691765920da0955,,0.1157
P15-B-PUBLIC-PIVOT-001,noop,noop,LIVE_PHYSICAL_REPLAY,True,negative,"[""pass:false"",""status:NATIVE_OBJECT_CHECKED""]",SCORE_REPLAYED,0.71875,False,True,0.71875,False,NATIVE_OBJECT_CHECKED,True,group default,True,"{""R001"":0.0,""R002"":0.0,""R003"":1.0,""R004"":1.0,""R005"":1.0,""R006"":1.0,""R007"":1.0,""R008"":0.0,""R009"":1.0}","[""NATIVE_EXCEL_RECALC_REQUIRED:R008"",""SOURCE_TABLE_OR_RECORD_MISMATCH""]",NATIVE_OBJECT_CHECKED,a8138f435dafa3f05640e685c41f436bc8ab5c3169275fd2e5c6e7efb0c80d60,7fccc4edac8f8d65742fa0d1b63ba462b892cb1a3d64d3683691765920da0955,,0.1158
P15-B-PUBLIC-PIVOT-001,malformed,malformed,LIVE_PHYSICAL_REPLAY,True,negative,"[""eq:0.0"",""status:TASK_INVALID"",""pass:false""]",EXPECTED_NON_NUMERIC_STATUS,,,True,0.0,False,TASK_INVALID,True,group default,False,"{""R001"":0.0,""R002"":0.0,""R003"":0.0,""R004"":0.0,""R005"":0.0,""R006"":0.0,""R007"":0.0,""R008"":0.0,""R009"":0.0}","[""MALFORMED_XLSX:BadZipFile""]",TASK_INVALID,a8138f435dafa3f05640e685c41f436bc8ab5c3169275fd2e5c6e7efb0c80d60,7fccc4edac8f8d65742fa0d1b63ba462b892cb1a3d64d3683691765920da0955,,0.0944
P15-B-PUBLIC-PIVOT-001,mutant,fake_pivot,LIVE_PHYSICAL_REPLAY,True,negative,"[""pass:false"",""status:NATIVE_OBJECT_CHECKED""]",SCORE_REPLAYED,0.0,False,True,0.0,False,NATIVE_OBJECT_CHECKED,True,group default,False,"{""R001"":0.0,""R002"":0.0,""R003"":0.0,""R004"":0.0,""R005"":0.0,""R006"":0.0,""R007"":0.0,""R008"":0.0,""R009"":0.0}","[""GETPIVOTDATA_FORMULA_SEMANTICS_INVALID"",""MISSING_NATIVE_PIVOT_CACHE"",""MISSING_NATIVE_PROGRAM_DELIVERY_PIVOT"",""PIVOTCHART_BINDING_OR_CLUSTERED_COLUMN_MISSING"",""PIVOT_AXIS_FIELD_INDEX_MISMATCH"",""PIVOT_CACHE_REFRESH_ON_OPEN_MISSING"",""QUARTER_FILTER_NOT_EXACTLY_2024Q2"",""SOURCE_TABLE_OR_RECORD_MISMATCH"",""SUM_MEASURE_FIELD_OR_FUNCTION_MISMATCH""]",NATIVE_OBJECT_CHECKED,a8138f435dafa3f05640e685c41f436bc8ab5c3169275fd2e5c6e7efb0c80d60,7fccc4edac8f8d65742fa0d1b63ba462b892cb1a3d64d3683691765920da0955,,0.1103
P15-B-PUBLIC-PIVOT-001,mutant,stale_source_range,LIVE_PHYSICAL_REPLAY,True,negative,"[""pass:false"",""status:NATIVE_OBJECT_CHECKED""]",SCORE_REPLAYED,0.25,False,True,0.25,False,NATIVE_OBJECT_CHECKED,True,group default,False,"{""R001"":0.0,""R002"":0.0,""R003"":0.0,""R004"":0.0,""R005"":0.0,""R006"":0.0,""R007"":0.0,""R008"":1.0,""R009"":1.0}","[""MISSING_NATIVE_PIVOT_CACHE"",""MISSING_NATIVE_PROGRAM_DELIVERY_PIVOT"",""PIVOT_AXIS_FIELD_INDEX_MISMATCH"",""PIVOT_CACHE_REFRESH_ON_OPEN_MISSING"",""QUARTER_FILTER_NOT_EXACTLY_2024Q2"",""SOURCE_TABLE_OR_RECORD_MISMATCH"",""SUM_MEASURE_FIELD_OR_FUNCTION_MISMATCH""]",NATIVE_OBJECT_CHECKED,a8138f435dafa3f05640e685c41f436bc8ab5c3169275fd2e5c6e7efb0c80d60,7fccc4edac8f8d65742fa0d1b63ba462b892cb1a3d64d3683691765920da0955,,0.1192
P15-B-PUBLIC-PIVOT-001,mutant,wrong_aggregation,LIVE_PHYSICAL_REPLAY,True,negative,"[""pass:false"",""status:NATIVE_OBJECT_CHECKED""]",SCORE_REPLAYED,0.875,False,True,0.875,False,NATIVE_OBJECT_CHECKED,True,group default,True,"{""R001"":1.0,""R002"":1.0,""R003"":1.0,""R004"":1.0,""R005"":1.0,""R006"":0.0,""R007"":1.0,""R008"":1.0,""R009"":1.0}","[""SUM_MEASURE_FIELD_OR_FUNCTION_MISMATCH""]",NATIVE_OBJECT_CHECKED,a8138f435dafa3f05640e685c41f436bc8ab5c3169275fd2e5c6e7efb0c80d60,7fccc4edac8f8d65742fa0d1b63ba462b892cb1a3d64d3683691765920da0955,,0.1222
P15-B-PUBLIC-PIVOT-001,mutant,wrong_chart_binding,LIVE_PHYSICAL_REPLAY,True,negative,"[""pass:false"",""status:NATIVE_OBJECT_CHECKED""]",SCORE_REPLAYED,0.84375,False,True,0.84375,False,NATIVE_OBJECT_CHECKED,True,group default,True,"{""R001"":0.0,""R002"":1.0,""R003"":1.0,""R004"":1.0,""R005"":1.0,""R006"":1.0,""R007"":1.0,""R008"":1.0,""R009"":0.0}","[""PIVOTCHART_BINDING_OR_CLUSTERED_COLUMN_MISSING""]",NATIVE_OBJECT_CHECKED,a8138f435dafa3f05640e685c41f436bc8ab5c3169275fd2e5c6e7efb0c80d60,7fccc4edac8f8d65742fa0d1b63ba462b892cb1a3d64d3683691765920da0955,,0.116
P15-B-PUBLIC-PIVOT-001,generated_v3,alternative_layout:renamed_native_objects,SAVED_ONLY_FROZEN_VALIDATION_CLAIM,False,positive,"[""status:NATIVE_OBJECT_CHECKED"",""pass:true"",""ge:0.7""]",SAVED_ONLY_VALIDATION_CLAIM,1.0,True,True,1.0,True,,True,"Native PivotTable, PivotCache, Q2 filter, SUM measures, refresh setting, linked KPIs, PivotChart, and exact source rows are explicit. Internal object names and sheet addresses are not. Missing Excel-cached KPI values require native recalculation rather than a numeric model score.",False,{},[],NATIVE_OBJECT_CHECKED,a8138f435dafa3f05640e685c41f436bc8ab5c3169275fd2e5c6e7efb0c80d60,7fccc4edac8f8d65742fa0d1b63ba462b892cb1a3d64d3683691765920da0955,,
P15-B-PUBLIC-PIVOT-001,generated_v3,confirm_reference,SAVED_ONLY_FROZEN_VALIDATION_CLAIM,False,positive,"[""status:NATIVE_OBJECT_CHECKED"",""pass:true"",""ge:0.7""]",SAVED_ONLY_VALIDATION_CLAIM,1.0,True,True,1.0,True,,True,"Native PivotTable, PivotCache, Q2 filter, SUM measures, refresh setting, linked KPIs, PivotChart, and exact source rows are explicit. Internal object names and sheet addresses are not. Missing Excel-cached KPI values require native recalculation rather than a numeric model score.",False,{},[],NATIVE_OBJECT_CHECKED,a8138f435dafa3f05640e685c41f436bc8ab5c3169275fd2e5c6e7efb0c80d60,7fccc4edac8f8d65742fa0d1b63ba462b892cb1a3d64d3683691765920da0955,,
P15-B-PUBLIC-PIVOT-001,generated_v3,native_recalc_pending,SAVED_ONLY_FROZEN_VALIDATION_CLAIM,False,negative,"[""status:NATIVE_RECALC_REQUIRED"",""pass:false"",""score:none""]",SAVED_ONLY_VALIDATION_CLAIM,,False,True,,False,,True,"Native PivotTable, PivotCache, Q2 filter, SUM measures, refresh setting, linked KPIs, PivotChart, and exact source rows are explicit. Internal object names and sheet addresses are not. Missing Excel-cached KPI values require native recalculation rather than a numeric model score.",False,{},[],NATIVE_RECALC_REQUIRED,a8138f435dafa3f05640e685c41f436bc8ab5c3169275fd2e5c6e7efb0c80d60,7fccc4edac8f8d65742fa0d1b63ba462b892cb1a3d64d3683691765920da0955,,
P15-B-SALES-DISCOVERY-001,reference,reference,LIVE_PHYSICAL_REPLAY,True,positive,"[""eq:1.0"",""pass:true""]",SCORE_REPLAYED,1.0,True,True,1.0,True,,True,group default,False,"{""R001"":1.0,""R002"":1.0,""R003"":1.0,""R004"":1.0,""R005"":1.0,""R006"":1.0,""R007"":1.0,""R008"":1.0,""R009"":1.0}",[],SCORED,fa6ac3ec2a5d22598db4b14b14e274fdeb83e3f7d05585a36d7963065c6227da,7fccc4edac8f8d65742fa0d1b63ba462b892cb1a3d64d3683691765920da0955,,0.1047
P15-B-SALES-DISCOVERY-001,equivalent,equivalent,LIVE_PHYSICAL_REPLAY,True,positive,"[""ge:0.95"",""pass:true""]",SCORE_REPLAYED,1.0,True,True,1.0,True,,True,group default,False,"{""R001"":1.0,""R002"":1.0,""R003"":1.0,""R004"":1.0,""R005"":1.0,""R006"":1.0,""R007"":1.0,""R008"":1.0,""R009"":1.0}",[],SCORED,fa6ac3ec2a5d22598db4b14b14e274fdeb83e3f7d05585a36d7963065c6227da,7fccc4edac8f8d65742fa0d1b63ba462b892cb1a3d64d3683691765920da0955,,0.1041
P15-B-SALES-DISCOVERY-001,noop,noop,LIVE_PHYSICAL_REPLAY,True,negative,"[""pass:false""]",SCORE_REPLAYED,0.16,False,True,0.16,False,,True,group default,False,"{""R001"":1.0,""R002"":0.0,""R003"":0.0,""R004"":0.0,""R005"":0.0,""R006"":0.0,""R007"":0.0,""R008"":1.0,""R009"":0.0}","[""INVALID_RELEASE_SELECTION"",""SELECTED_RECORD_SET_MISMATCH""]",SCORED,fa6ac3ec2a5d22598db4b14b14e274fdeb83e3f7d05585a36d7963065c6227da,7fccc4edac8f8d65742fa0d1b63ba462b892cb1a3d64d3683691765920da0955,,0.1012
P15-B-SALES-DISCOVERY-001,malformed,malformed,LIVE_PHYSICAL_REPLAY,True,negative,"[""eq:0.0"",""pass:false""]",SCORE_REPLAYED,0.0,False,True,0.0,False,,True,group default,False,"{""R001"":0.0,""R002"":0.0,""R003"":0.0,""R004"":0.0,""R005"":0.0,""R006"":0.0,""R007"":0.0,""R008"":0.0,""R009"":0.0}","[""MALFORMED_XLSX:BadZipFile""]",SCORED,fa6ac3ec2a5d22598db4b14b14e274fdeb83e3f7d05585a36d7963065c6227da,7fccc4edac8f8d65742fa0d1b63ba462b892cb1a3d64d3683691765920da0955,,0.0982
P15-B-SALES-DISCOVERY-001,mutant,dropped_south_coverage,LIVE_PHYSICAL_REPLAY,True,negative,"[""pass:false""]",SCORE_REPLAYED,0.6,False,True,0.6,False,,True,group default,False,"{""R001"":1.0,""R002"":1.0,""R003"":0.0,""R004"":0.0,""R005"":1.0,""R006"":1.0,""R007"":0.0,""R008"":1.0,""R009"":1.0}","[""SELECTED_RECORD_SET_MISMATCH""]",SCORED,fa6ac3ec2a5d22598db4b14b14e274fdeb83e3f7d05585a36d7963065c6227da,7fccc4edac8f8d65742fa0d1b63ba462b892cb1a3d64d3683691765920da0955,,0.1004
P15-B-SALES-DISCOVERY-001,mutant,hardcoded_recognized_revenue,LIVE_PHYSICAL_REPLAY,True,positive,"[""pass:true""]",SCORE_REPLAYED,1.0,True,True,1.0,True,,True,group default,False,"{""R001"":1.0,""R002"":1.0,""R003"":1.0,""R004"":1.0,""R005"":1.0,""R006"":1.0,""R007"":1.0,""R008"":1.0,""R009"":1.0}",[],SCORED,fa6ac3ec2a5d22598db4b14b14e274fdeb83e3f7d05585a36d7963065c6227da,7fccc4edac8f8d65742fa0d1b63ba462b892cb1a3d64d3683691765920da0955,,0.1
P15-B-SALES-DISCOVERY-001,mutant,registry_collateral_edit,LIVE_PHYSICAL_REPLAY,True,negative,"[""pass:false""]",SCORE_REPLAYED,0.88,False,True,0.88,False,,True,group default,True,"{""R001"":1.0,""R002"":1.0,""R003"":1.0,""R004"":1.0,""R005"":1.0,""R006"":1.0,""R007"":1.0,""R008"":0.0,""R009"":1.0}","[""REGISTRY_SOURCE_FIELDS_CHANGED""]",SCORED,fa6ac3ec2a5d22598db4b14b14e274fdeb83e3f7d05585a36d7963065c6227da,7fccc4edac8f8d65742fa0d1b63ba462b892cb1a3d64d3683691765920da0955,,0.0997
P15-B-SALES-DISCOVERY-001,mutant,wrong_source_release,LIVE_PHYSICAL_REPLAY,True,negative,"[""pass:false""]",SCORE_REPLAYED,0.24,False,True,0.24,False,,True,group default,False,"{""R001"":1.0,""R002"":0.0,""R003"":0.0,""R004"":0.0,""R005"":0.0,""R006"":0.0,""R007"":0.0,""R008"":1.0,""R009"":1.0}","[""INVALID_RELEASE_SELECTION"",""SELECTED_RECORD_SET_MISMATCH""]",SCORED,fa6ac3ec2a5d22598db4b14b14e274fdeb83e3f7d05585a36d7963065c6227da,7fccc4edac8f8d65742fa0d1b63ba462b892cb1a3d64d3683691765920da0955,,0.1009
P15-B-SALES-DISCOVERY-001,generated_v3,alternative_layout:source_selection_with_spaces,SAVED_ONLY_FROZEN_VALIDATION_CLAIM,False,positive,"[""pass:true"",""ge:0.7""]",SAVED_ONLY_VALIDATION_CLAIM,1.0,True,True,1.0,True,,True,task-local V3 validator,False,{},[],SAVED_VALIDATION,fa6ac3ec2a5d22598db4b14b14e274fdeb83e3f7d05585a36d7963065c6227da,7fccc4edac8f8d65742fa0d1b63ba462b892cb1a3d64d3683691765920da0955,,
P15-B-SALES-DISCOVERY-001,generated_v3,confirm_reference,SAVED_ONLY_FROZEN_VALIDATION_CLAIM,False,positive,"[""pass:true"",""ge:0.7""]",SAVED_ONLY_VALIDATION_CLAIM,1.0,True,True,1.0,True,,True,task-local V3 validator,False,{},[],SAVED_VALIDATION,fa6ac3ec2a5d22598db4b14b14e274fdeb83e3f7d05585a36d7963065c6227da,7fccc4edac8f8d65742fa0d1b63ba462b892cb1a3d64d3683691765920da0955,,
P15-B-SALES-DISCOVERY-001,generated_v3,negative:registry_is_not_selection,SAVED_ONLY_FROZEN_VALIDATION_CLAIM,False,negative,"[""pass:false""]",SAVED_ONLY_VALIDATION_CLAIM,0.56,False,True,0.56,False,,True,task-local V3 validator,False,{},"[""INVALID_RELEASE_SELECTION""]",SAVED_VALIDATION,fa6ac3ec2a5d22598db4b14b14e274fdeb83e3f7d05585a36d7963065c6227da,7fccc4edac8f8d65742fa0d1b63ba462b892cb1a3d64d3683691765920da0955,,
P15-B-SALES-DISCOVERY-001,generated_v3,negative:selection_without_explanation,SAVED_ONLY_FROZEN_VALIDATION_CLAIM,False,negative,"[""pass:false""]",SAVED_ONLY_VALIDATION_CLAIM,0.8,False,True,0.8,False,,True,task-local V3 validator,True,{},[],SAVED_VALIDATION,fa6ac3ec2a5d22598db4b14b14e274fdeb83e3f7d05585a36d7963065c6227da,7fccc4edac8f8d65742fa0d1b63ba462b892cb1a3d64d3683691765920da0955,,
P15-C-INVOICE-001,reference,reference,LIVE_PHYSICAL_REPLAY,True,positive,"[""eq:1.0"",""pass:true""]",SCORE_REPLAYED,1.0,True,True,1.0,True,,True,group default,False,"{""P001"":0.0,""R001"":1.0,""R002"":1.0,""R003"":1.0,""R004"":1.0,""R005"":1.0,""R006"":1.0,""R007"":1.0,""R008"":1.0,""R009"":1.0}",[],SCORED,51ff332703db147a1371fe25af0c89b10c22cf841d2158e7a8089703a8fab60b,7fccc4edac8f8d65742fa0d1b63ba462b892cb1a3d64d3683691765920da0955,,0.1062
P15-C-INVOICE-001,equivalent,equivalent,LIVE_PHYSICAL_REPLAY,True,positive,"[""ge:0.95"",""pass:true""]",SCORE_REPLAYED,1.0,True,True,1.0,True,,True,group default,False,"{""P001"":0.0,""R001"":1.0,""R002"":1.0,""R003"":1.0,""R004"":1.0,""R005"":1.0,""R006"":1.0,""R007"":1.0,""R008"":1.0,""R009"":1.0}",[],SCORED,51ff332703db147a1371fe25af0c89b10c22cf841d2158e7a8089703a8fab60b,7fccc4edac8f8d65742fa0d1b63ba462b892cb1a3d64d3683691765920da0955,,0.1076
P15-C-INVOICE-001,noop,noop,LIVE_PHYSICAL_REPLAY,True,negative,"[""pass:false""]",SCORE_REPLAYED,0.068966,False,True,0.068966,False,,True,group default,False,"{""P001"":0.0,""R001"":1.0,""R002"":0.0,""R003"":0.0,""R004"":0.0,""R005"":0.0,""R006"":0.0,""R007"":0.0,""R008"":0.0,""R009"":0.0}",[],SCORED,51ff332703db147a1371fe25af0c89b10c22cf841d2158e7a8089703a8fab60b,7fccc4edac8f8d65742fa0d1b63ba462b892cb1a3d64d3683691765920da0955,,0.1035
P15-C-INVOICE-001,malformed,malformed,LIVE_PHYSICAL_REPLAY,True,negative,"[""eq:0.0"",""pass:false""]",SCORE_REPLAYED,0.0,False,True,0.0,False,,True,group default,False,"{""P001"":0.0,""R001"":0.0,""R002"":0.0,""R003"":0.0,""R004"":0.0,""R005"":0.0,""R006"":0.0,""R007"":0.0,""R008"":0.0,""R009"":0.0}","[""MALFORMED_XLSX:BadZipFile""]",SCORED,51ff332703db147a1371fe25af0c89b10c22cf841d2158e7a8089703a8fab60b,7fccc4edac8f8d65742fa0d1b63ba462b892cb1a3d64d3683691765920da0955,,0.0947
P15-C-INVOICE-001,mutant,duplicate_line_item,LIVE_PHYSICAL_REPLAY,True,negative,"[""pass:false""]",SCORE_REPLAYED,0.172414,False,True,0.172414,False,,True,group default,False,"{""P001"":0.0,""R001"":1.0,""R002"":1.0,""R003"":0.0,""R004"":0.0,""R005"":0.0,""R006"":0.0,""R007"":0.0,""R008"":0.0,""R009"":0.0}",[],SCORED,51ff332703db147a1371fe25af0c89b10c22cf841d2158e7a8089703a8fab60b,7fccc4edac8f8d65742fa0d1b63ba462b892cb1a3d64d3683691765920da0955,,0.1084
P15-C-INVOICE-001,mutant,missing_line_item,LIVE_PHYSICAL_REPLAY,True,negative,"[""pass:false""]",SCORE_REPLAYED,0.172414,False,True,0.172414,False,,True,group default,False,"{""P001"":0.0,""R001"":1.0,""R002"":1.0,""R003"":0.0,""R004"":0.0,""R005"":0.0,""R006"":0.0,""R007"":0.0,""R008"":0.0,""R009"":0.0}",[],SCORED,51ff332703db147a1371fe25af0c89b10c22cf841d2158e7a8089703a8fab60b,7fccc4edac8f8d65742fa0d1b63ba462b892cb1a3d64d3683691765920da0955,,0.1066
P15-C-INVOICE-001,mutant,wrong_header_and_payable_total,LIVE_PHYSICAL_REPLAY,True,negative,"[""pass:false""]",SCORE_REPLAYED,0.551724,False,True,0.551724,False,,True,group default,False,"{""P001"":0.0,""R001"":1.0,""R002"":0.0,""R003"":1.0,""R004"":1.0,""R005"":0.0,""R006"":0.0,""R007"":0.0,""R008"":1.0,""R009"":1.0}",[],SCORED,51ff332703db147a1371fe25af0c89b10c22cf841d2158e7a8089703a8fab60b,7fccc4edac8f8d65742fa0d1b63ba462b892cb1a3d64d3683691765920da0955,,0.1002
P15-C-INVOICE-001,mutant,wrong_page_provenance,LIVE_PHYSICAL_REPLAY,True,negative,"[""pass:false""]",SCORE_REPLAYED,0.862069,False,True,0.862069,False,,True,group default,True,"{""P001"":0.0,""R001"":1.0,""R002"":1.0,""R003"":1.0,""R004"":1.0,""R005"":1.0,""R006"":1.0,""R007"":1.0,""R008"":0.0,""R009"":1.0}",[],SCORED,51ff332703db147a1371fe25af0c89b10c22cf841d2158e7a8089703a8fab60b,7fccc4edac8f8d65742fa0d1b63ba462b892cb1a3d64d3683691765920da0955,,0.1071
P15-C-INVOICE-001,mutant,wrong_payable_total,LIVE_PHYSICAL_REPLAY,True,negative,"[""pass:false""]",SCORE_REPLAYED,0.655172,False,True,0.655172,False,,True,group default,False,"{""P001"":0.0,""R001"":1.0,""R002"":1.0,""R003"":1.0,""R004"":1.0,""R005"":0.0,""R006"":0.0,""R007"":0.0,""R008"":1.0,""R009"":1.0}",[],SCORED,51ff332703db147a1371fe25af0c89b10c22cf841d2158e7a8089703a8fab60b,7fccc4edac8f8d65742fa0d1b63ba462b892cb1a3d64d3683691765920da0955,,0.1037
P15-C-INVOICE-001,generated_v3,alternate_layout,SAVED_ONLY_FROZEN_VALIDATION_CLAIM,False,positive,"[""pass:true"",""ge:0.7""]",SAVED_ONLY_VALIDATION_CLAIM,1.0,True,True,1.0,True,,True,"The instruction requires invoice facts, traceability, and a dynamic amount chain, but does not prescribe sheet names or cell addresses.",False,"{""P001"":0.0,""R001"":1.0,""R002"":1.0,""R003"":1.0,""R004"":1.0,""R005"":1.0,""R006"":1.0,""R007"":1.0,""R008"":1.0,""R009"":1.0}",[],SAVED_VALIDATION,51ff332703db147a1371fe25af0c89b10c22cf841d2158e7a8089703a8fab60b,7fccc4edac8f8d65742fa0d1b63ba462b892cb1a3d64d3683691765920da0955,,
P15-C-INVOICE-001,generated_v3,broken_total,SAVED_ONLY_FROZEN_VALIDATION_CLAIM,False,negative,"[""pass:false""]",SAVED_ONLY_VALIDATION_CLAIM,0.655172,False,True,0.655172,False,,True,The instruction explicitly requires a dynamic payable chain including freight.,False,"{""P001"":0.0,""R001"":1.0,""R002"":1.0,""R003"":1.0,""R004"":1.0,""R005"":0.0,""R006"":0.0,""R007"":0.0,""R008"":1.0,""R009"":1.0}",[],SAVED_VALIDATION,51ff332703db147a1371fe25af0c89b10c22cf841d2158e7a8089703a8fab60b,7fccc4edac8f8d65742fa0d1b63ba462b892cb1a3d64d3683691765920da0955,,
P15-C-PO-ADDENDUM-001,reference,reference,LIVE_PHYSICAL_REPLAY,True,positive,"[""eq:1.0"",""pass:true""]",SCORE_REPLAYED,1.0,True,True,1.0,True,,True,group default,False,"{""P001"":0.0,""R001"":1.0,""R002"":1.0,""R003"":1.0,""R004"":1.0,""R005"":1.0,""R006"":1.0,""R007"":1.0,""R008"":1.0,""R009"":1.0}",[],SCORED,1bf950dd4d4db0f0a81b689f6b33cbd24a0eb70b1ba773574e1b34f5396c5649,7fccc4edac8f8d65742fa0d1b63ba462b892cb1a3d64d3683691765920da0955,,0.0981
P15-C-PO-ADDENDUM-001,equivalent,candidate_equivalent,LIVE_PHYSICAL_REPLAY,True,positive,"[""ge:0.95"",""pass:true""]",SCORE_REPLAYED,1.0,True,True,1.0,True,,True,group default,False,"{""P001"":0.0,""R001"":1.0,""R002"":1.0,""R003"":1.0,""R004"":1.0,""R005"":1.0,""R006"":1.0,""R007"":1.0,""R008"":1.0,""R009"":1.0}",[],SCORED,1bf950dd4d4db0f0a81b689f6b33cbd24a0eb70b1ba773574e1b34f5396c5649,7fccc4edac8f8d65742fa0d1b63ba462b892cb1a3d64d3683691765920da0955,,0.0973
P15-C-PO-ADDENDUM-001,equivalent,candidate_renamed_sheets,LIVE_PHYSICAL_REPLAY,True,positive,"[""ge:0.95"",""pass:true""]",SCORE_REPLAYED,1.0,True,True,1.0,True,,True,group default,False,"{""P001"":0.0,""R001"":1.0,""R002"":1.0,""R003"":1.0,""R004"":1.0,""R005"":1.0,""R006"":1.0,""R007"":1.0,""R008"":1.0,""R009"":1.0}","[""SHEET_ALIAS:Base_Schedule=Original schedule"",""SHEET_ALIAS:Checks=Review notes"",""SHEET_ALIAS:PO_Header=Order overview"",""SHEET_ALIAS:Provenance=Source register"",""SHEET_ALIAS:Revised_Schedule=Updated schedule"",""SHEET_ALIAS:Revision_Log=Change register""]",SCORED,1bf950dd4d4db0f0a81b689f6b33cbd24a0eb70b1ba773574e1b34f5396c5649,7fccc4edac8f8d65742fa0d1b63ba462b892cb1a3d64d3683691765920da0955,,0.1057
P15-C-PO-ADDENDUM-001,noop,noop,LIVE_PHYSICAL_REPLAY,True,negative,"[""pass:false""]",SCORE_REPLAYED,0.166667,False,True,0.166667,False,,True,group default,False,"{""P001"":0.0,""R001"":1.0,""R002"":1.0,""R003"":0.0,""R004"":0.0,""R005"":0.0,""R006"":0.0,""R007"":0.0,""R008"":0.0,""R009"":0.0}",[],SCORED,1bf950dd4d4db0f0a81b689f6b33cbd24a0eb70b1ba773574e1b34f5396c5649,7fccc4edac8f8d65742fa0d1b63ba462b892cb1a3d64d3683691765920da0955,,0.1048
P15-C-PO-ADDENDUM-001,malformed,malformed,LIVE_PHYSICAL_REPLAY,True,negative,"[""eq:0.0"",""pass:false""]",SCORE_REPLAYED,0.0,False,True,0.0,False,,True,group default,False,"{""P001"":0.0,""R001"":0.0,""R002"":0.0,""R003"":0.0,""R004"":0.0,""R005"":0.0,""R006"":0.0,""R007"":0.0,""R008"":0.0,""R009"":0.0}","[""MALFORMED_XLSX:BadZipFile""]",SCORED,1bf950dd4d4db0f0a81b689f6b33cbd24a0eb70b1ba773574e1b34f5396c5649,7fccc4edac8f8d65742fa0d1b63ba462b892cb1a3d64d3683691765920da0955,,0.0983
P15-C-PO-ADDENDUM-001,mutant,collateral_base_log_provenance,LIVE_PHYSICAL_REPLAY,True,negative,"[""pass:false""]",SCORE_REPLAYED,0.0,False,True,0.0,False,,True,group default,False,"{""P001"":1.0,""R001"":1.0,""R002"":0.0,""R003"":0.0,""R004"":1.0,""R005"":0.0,""R006"":0.0,""R007"":0.0,""R008"":0.0,""R009"":0.0}","[""FABRICATED_ADDENDUM_PROVENANCE""]",SCORED,1bf950dd4d4db0f0a81b689f6b33cbd24a0eb70b1ba773574e1b34f5396c5649,7fccc4edac8f8d65742fa0d1b63ba462b892cb1a3d64d3683691765920da0955,,0.1051
P15-C-PO-ADDENDUM-001,mutant,missing_inserted_line,LIVE_PHYSICAL_REPLAY,True,negative,"[""pass:false""]",SCORE_REPLAYED,0.5,False,True,0.5,False,,True,group default,False,"{""P001"":0.0,""R001"":1.0,""R002"":1.0,""R003"":0.0,""R004"":1.0,""R005"":0.0,""R006"":0.0,""R007"":1.0,""R008"":1.0,""R009"":0.0}",[],SCORED,1bf950dd4d4db0f0a81b689f6b33cbd24a0eb70b1ba773574e1b34f5396c5649,7fccc4edac8f8d65742fa0d1b63ba462b892cb1a3d64d3683691765920da0955,,0.0989
P15-C-PO-ADDENDUM-001,mutant,protected_line_changed,LIVE_PHYSICAL_REPLAY,True,negative,"[""pass:false""]",SCORE_REPLAYED,0.5,False,True,0.5,False,,True,group default,False,"{""P001"":0.0,""R001"":1.0,""R002"":1.0,""R003"":0.0,""R004"":0.0,""R005"":0.0,""R006"":0.0,""R007"":1.0,""R008"":1.0,""R009"":1.0}",[],SCORED,1bf950dd4d4db0f0a81b689f6b33cbd24a0eb70b1ba773574e1b34f5396c5649,7fccc4edac8f8d65742fa0d1b63ba462b892cb1a3d64d3683691765920da0955,,0.1024
P15-C-PO-ADDENDUM-001,mutant,stale_revised_total,LIVE_PHYSICAL_REPLAY,True,negative,"[""pass:false""]",SCORE_REPLAYED,0.766667,False,True,0.766667,False,,True,group default,True,"{""P001"":0.0,""R001"":1.0,""R002"":1.0,""R003"":1.0,""R004"":1.0,""R005"":0.0,""R006"":0.0,""R007"":1.0,""R008"":1.0,""R009"":1.0}",[],SCORED,1bf950dd4d4db0f0a81b689f6b33cbd24a0eb70b1ba773574e1b34f5396c5649,7fccc4edac8f8d65742fa0d1b63ba462b892cb1a3d64d3683691765920da0955,,0.1006
P15-C-PO-ADDENDUM-001,mutant,wrong_revised_unit_price,LIVE_PHYSICAL_REPLAY,True,negative,"[""pass:false""]",SCORE_REPLAYED,0.6,False,True,0.6,False,,True,group default,False,"{""P001"":0.0,""R001"":1.0,""R002"":1.0,""R003"":0.0,""R004"":1.0,""R005"":0.0,""R006"":0.0,""R007"":1.0,""R008"":1.0,""R009"":1.0}",[],SCORED,1bf950dd4d4db0f0a81b689f6b33cbd24a0eb70b1ba773574e1b34f5396c5649,7fccc4edac8f8d65742fa0d1b63ba462b892cb1a3d64d3683691765920da0955,,0.1025
P15-C-PO-ADDENDUM-001,generated_v3,single_total_plain_labels,SAVED_ONLY_FROZEN_VALIDATION_CLAIM,False,positive,"[""pass:true"",""ge:0.7""]",SAVED_ONLY_VALIDATION_CLAIM,1.0,True,True,1.0,True,,True,"The instruction requires a formula-linked revised total and an intelligible revision log, not two duplicate totals or exact phrases.",False,"{""P001"":0.0,""R001"":1.0,""R002"":1.0,""R003"":1.0,""R004"":1.0,""R005"":1.0,""R006"":1.0,""R007"":1.0,""R008"":1.0,""R009"":1.0}",[],SAVED_VALIDATION,1bf950dd4d4db0f0a81b689f6b33cbd24a0eb70b1ba773574e1b34f5396c5649,7fccc4edac8f8d65742fa0d1b63ba462b892cb1a3d64d3683691765920da0955,,
P15-C-PO-ADDENDUM-001,generated_v3,wrong_unit_price,SAVED_ONLY_FROZEN_VALIDATION_CLAIM,False,negative,"[""pass:false""]",SAVED_ONLY_VALIDATION_CLAIM,0.6,False,True,0.6,False,,True,The addendum explicitly changes PO-03 to the stated unit price and requires the revised schedule to reflect it.,False,"{""P001"":0.0,""R001"":1.0,""R002"":1.0,""R003"":0.0,""R004"":1.0,""R005"":0.0,""R006"":0.0,""R007"":1.0,""R008"":1.0,""R009"":1.0}",[],SAVED_VALIDATION,1bf950dd4d4db0f0a81b689f6b33cbd24a0eb70b1ba773574e1b34f5396c5649,7fccc4edac8f8d65742fa0d1b63ba462b892cb1a3d64d3683691765920da0955,,
P15-C-QUOTE-001,reference,reference,LIVE_PHYSICAL_REPLAY,True,positive,"[""eq:1.0"",""pass:true""]",SCORE_REPLAYED,1.0,True,True,1.0,True,,True,group default,False,"{""P001"":0.0,""R001"":1.0,""R002"":1.0,""R003"":1.0,""R004"":1.0,""R005"":1.0,""R006"":1.0,""R007"":1.0,""R008"":1.0,""R009"":1.0}",[],SCORED,6500eff925bfc8af4380947c07d0dc10c5087565b92a641213a714be2ff9061f,7fccc4edac8f8d65742fa0d1b63ba462b892cb1a3d64d3683691765920da0955,,0.1083
P15-C-QUOTE-001,equivalent,candidate_equivalent,LIVE_PHYSICAL_REPLAY,True,positive,"[""ge:0.95"",""pass:true""]",SCORE_REPLAYED,1.0,True,True,1.0,True,,True,group default,False,"{""P001"":0.0,""R001"":1.0,""R002"":1.0,""R003"":1.0,""R004"":1.0,""R005"":1.0,""R006"":1.0,""R007"":1.0,""R008"":1.0,""R009"":1.0}",[],SCORED,6500eff925bfc8af4380947c07d0dc10c5087565b92a641213a714be2ff9061f,7fccc4edac8f8d65742fa0d1b63ba462b892cb1a3d64d3683691765920da0955,,0.1091
P15-C-QUOTE-001,equivalent,candidate_renamed_sheets,LIVE_PHYSICAL_REPLAY,True,positive,"[""ge:0.95"",""pass:true""]",SCORE_REPLAYED,1.0,True,True,1.0,True,,True,group default,False,"{""P001"":0.0,""R001"":1.0,""R002"":1.0,""R003"":1.0,""R004"":1.0,""R005"":1.0,""R006"":1.0,""R007"":1.0,""R008"":1.0,""R009"":1.0}","[""SHEET_ALIAS:Alternates=Buyer options"",""SHEET_ALIAS:Checks=Review notes"",""SHEET_ALIAS:Groups=Scope rollup"",""SHEET_ALIAS:Line_Items=Quoted lines"",""SHEET_ALIAS:Provenance=Source register"",""SHEET_ALIAS:Quote_Header=Overview""]",SCORED,6500eff925bfc8af4380947c07d0dc10c5087565b92a641213a714be2ff9061f,7fccc4edac8f8d65742fa0d1b63ba462b892cb1a3d64d3683691765920da0955,,0.1083
P15-C-QUOTE-001,noop,noop,LIVE_PHYSICAL_REPLAY,True,negative,"[""pass:false""]",SCORE_REPLAYED,0.068966,False,True,0.068966,False,,True,group default,False,"{""P001"":0.0,""R001"":1.0,""R002"":0.0,""R003"":0.0,""R004"":0.0,""R005"":0.0,""R006"":0.0,""R007"":0.0,""R008"":0.0,""R009"":0.0}",[],SCORED,6500eff925bfc8af4380947c07d0dc10c5087565b92a641213a714be2ff9061f,7fccc4edac8f8d65742fa0d1b63ba462b892cb1a3d64d3683691765920da0955,,0.1005
P15-C-QUOTE-001,malformed,malformed,LIVE_PHYSICAL_REPLAY,True,negative,"[""eq:0.0"",""pass:false""]",SCORE_REPLAYED,0.0,False,True,0.0,False,,True,group default,False,"{""P001"":0.0,""R001"":0.0,""R002"":0.0,""R003"":0.0,""R004"":0.0,""R005"":0.0,""R006"":0.0,""R007"":0.0,""R008"":0.0,""R009"":0.0}","[""MALFORMED_XLSX:BadZipFile""]",SCORED,6500eff925bfc8af4380947c07d0dc10c5087565b92a641213a714be2ff9061f,7fccc4edac8f8d65742fa0d1b63ba462b892cb1a3d64d3683691765920da0955,,0.0978
P15-C-QUOTE-001,mutant,optional_item_as_base_scope,LIVE_PHYSICAL_REPLAY,True,negative,"[""pass:false""]",SCORE_REPLAYED,0.689655,False,True,0.689655,False,,True,group default,False,"{""P001"":0.0,""R001"":1.0,""R002"":1.0,""R003"":1.0,""R004"":0.0,""R005"":0.0,""R006"":1.0,""R007"":0.0,""R008"":1.0,""R009"":1.0}",[],SCORED,6500eff925bfc8af4380947c07d0dc10c5087565b92a641213a714be2ff9061f,7fccc4edac8f8d65742fa0d1b63ba462b892cb1a3d64d3683691765920da0955,,0.1101
P15-C-QUOTE-001,mutant,wrong_base_scope_total,LIVE_PHYSICAL_REPLAY,True,negative,"[""pass:false""]",SCORE_REPLAYED,0.655172,False,True,0.655172,False,,True,group default,False,"{""P001"":0.0,""R001"":1.0,""R002"":1.0,""R003"":1.0,""R004"":1.0,""R005"":0.0,""R006"":0.0,""R007"":0.0,""R008"":1.0,""R009"":1.0}",[],SCORED,6500eff925bfc8af4380947c07d0dc10c5087565b92a641213a714be2ff9061f,7fccc4edac8f8d65742fa0d1b63ba462b892cb1a3d64d3683691765920da0955,,0.108
P15-C-QUOTE-001,mutant,wrong_header_scope_identity,LIVE_PHYSICAL_REPLAY,True,negative,"[""pass:false""]",SCORE_REPLAYED,0.068966,False,True,0.068966,False,,True,group default,False,"{""P001"":0.0,""R001"":1.0,""R002"":0.0,""R003"":0.0,""R004"":0.0,""R005"":0.0,""R006"":0.0,""R007"":0.0,""R008"":0.0,""R009"":0.0}",[],SCORED,6500eff925bfc8af4380947c07d0dc10c5087565b92a641213a714be2ff9061f,7fccc4edac8f8d65742fa0d1b63ba462b892cb1a3d64d3683691765920da0955,,0.0996
P15-C-QUOTE-001,mutant,wrong_quote_provenance,LIVE_PHYSICAL_REPLAY,True,negative,"[""pass:false""]",SCORE_REPLAYED,0.62069,False,True,0.62069,False,,True,group default,False,"{""P001"":1.0,""R001"":1.0,""R002"":1.0,""R003"":1.0,""R004"":1.0,""R005"":1.0,""R006"":1.0,""R007"":1.0,""R008"":0.0,""R009"":1.0}","[""FABRICATED_QUOTE_PROVENANCE""]",SCORED,6500eff925bfc8af4380947c07d0dc10c5087565b92a641213a714be2ff9061f,7fccc4edac8f8d65742fa0d1b63ba462b892cb1a3d64d3683691765920da0955,,0.1066
P15-C-QUOTE-001,generated_v3,static_shifted_layout,SAVED_ONLY_FROZEN_VALIDATION_CLAIM,False,positive,"[""pass:true"",""ge:0.7""]",SAVED_ONLY_VALIDATION_CLAIM,1.0,True,True,1.0,True,,True,"The instruction asks for correct scope grouping and totals; it does not require formulas, fixed rows, or a positive discount convention.",False,"{""P001"":0.0,""R001"":1.0,""R002"":1.0,""R003"":1.0,""R004"":1.0,""R005"":1.0,""R006"":1.0,""R007"":1.0,""R008"":1.0,""R009"":1.0}",[],SAVED_VALIDATION,6500eff925bfc8af4380947c07d0dc10c5087565b92a641213a714be2ff9061f,7fccc4edac8f8d65742fa0d1b63ba462b892cb1a3d64d3683691765920da0955,,
P15-C-QUOTE-001,generated_v3,wrong_total,SAVED_ONLY_FROZEN_VALIDATION_CLAIM,False,negative,"[""pass:false""]",SAVED_ONLY_VALIDATION_CLAIM,0.655172,False,True,0.655172,False,,True,The quoted base-scope total is a required business result and must reconcile arithmetically.,False,"{""P001"":0.0,""R001"":1.0,""R002"":1.0,""R003"":1.0,""R004"":1.0,""R005"":0.0,""R006"":0.0,""R007"":0.0,""R008"":1.0,""R009"":1.0}",[],SAVED_VALIDATION,6500eff925bfc8af4380947c07d0dc10c5087565b92a641213a714be2ff9061f,7fccc4edac8f8d65742fa0d1b63ba462b892cb1a3d64d3683691765920da0955,,
P15-C-RECEIPTS-001,reference,reference,LIVE_PHYSICAL_REPLAY,True,positive,"[""eq:1.0"",""pass:true""]",SCORE_REPLAYED,1.0,True,True,1.0,True,,True,group default,False,"{""P001"":0.0,""R001"":1.0,""R002"":1.0,""R003"":1.0,""R004"":1.0,""R005"":1.0,""R006"":1.0,""R007"":1.0,""R008"":1.0,""R009"":1.0}",[],SCORED,679e283fe1861ccae884b9097478bbd2880f829c56e00071b098e05be994a348,7fccc4edac8f8d65742fa0d1b63ba462b892cb1a3d64d3683691765920da0955,,0.1018
P15-C-RECEIPTS-001,equivalent,candidate_equivalent,LIVE_PHYSICAL_REPLAY,True,positive,"[""ge:0.95"",""pass:true""]",SCORE_REPLAYED,1.0,True,True,1.0,True,,True,group default,False,"{""P001"":0.0,""R001"":1.0,""R002"":1.0,""R003"":1.0,""R004"":1.0,""R005"":1.0,""R006"":1.0,""R007"":1.0,""R008"":1.0,""R009"":1.0}",[],SCORED,679e283fe1861ccae884b9097478bbd2880f829c56e00071b098e05be994a348,7fccc4edac8f8d65742fa0d1b63ba462b892cb1a3d64d3683691765920da0955,,0.1047
P15-C-RECEIPTS-001,equivalent,candidate_renamed_sheets,LIVE_PHYSICAL_REPLAY,True,positive,"[""ge:0.95"",""pass:true""]",SCORE_REPLAYED,1.0,True,True,1.0,True,,True,group default,False,"{""P001"":0.0,""R001"":1.0,""R002"":1.0,""R003"":1.0,""R004"":1.0,""R005"":1.0,""R006"":1.0,""R007"":1.0,""R008"":1.0,""R009"":1.0}","[""SHEET_ALIAS:Categories=Spend summary"",""SHEET_ALIAS:Documents=Receipt register"",""SHEET_ALIAS:Exceptions=Review exceptions"",""SHEET_ALIAS:Items=Expense lines"",""SHEET_ALIAS:Provenance=Source register"",""SHEET_ALIAS:Reconciliation=Batch check""]",SCORED,679e283fe1861ccae884b9097478bbd2880f829c56e00071b098e05be994a348,7fccc4edac8f8d65742fa0d1b63ba462b892cb1a3d64d3683691765920da0955,,0.1051
P15-C-RECEIPTS-001,noop,noop,LIVE_PHYSICAL_REPLAY,True,negative,"[""pass:false""]",SCORE_REPLAYED,0.066667,False,True,0.066667,False,,True,group default,False,"{""P001"":0.0,""R001"":1.0,""R002"":0.0,""R003"":0.0,""R004"":0.0,""R005"":0.0,""R006"":0.0,""R007"":0.0,""R008"":0.0,""R009"":0.0}",[],SCORED,679e283fe1861ccae884b9097478bbd2880f829c56e00071b098e05be994a348,7fccc4edac8f8d65742fa0d1b63ba462b892cb1a3d64d3683691765920da0955,,0.1016
P15-C-RECEIPTS-001,malformed,malformed,LIVE_PHYSICAL_REPLAY,True,negative,"[""eq:0.0"",""pass:false""]",SCORE_REPLAYED,0.0,False,True,0.0,False,,True,group default,False,"{""P001"":0.0,""R001"":0.0,""R002"":0.0,""R003"":0.0,""R004"":0.0,""R005"":0.0,""R006"":0.0,""R007"":0.0,""R008"":0.0,""R009"":0.0}","[""MALFORMED_XLSX:BadZipFile""]",SCORED,679e283fe1861ccae884b9097478bbd2880f829c56e00071b098e05be994a348,7fccc4edac8f8d65742fa0d1b63ba462b892cb1a3d64d3683691765920da0955,,0.0981
P15-C-RECEIPTS-001,mutant,duplicate_receipt_item,LIVE_PHYSICAL_REPLAY,True,negative,"[""pass:false""]",SCORE_REPLAYED,0.2,False,True,0.2,False,,True,group default,False,"{""P001"":0.0,""R001"":1.0,""R002"":1.0,""R003"":0.0,""R004"":0.0,""R005"":0.0,""R006"":0.0,""R007"":0.0,""R008"":0.0,""R009"":0.0}",[],SCORED,679e283fe1861ccae884b9097478bbd2880f829c56e00071b098e05be994a348,7fccc4edac8f8d65742fa0d1b63ba462b892cb1a3d64d3683691765920da0955,,0.1048
P15-C-RECEIPTS-001,mutant,missing_receipt_item,LIVE_PHYSICAL_REPLAY,True,negative,"[""pass:false""]",SCORE_REPLAYED,0.2,False,True,0.2,False,,True,group default,False,"{""P001"":0.0,""R001"":1.0,""R002"":1.0,""R003"":0.0,""R004"":0.0,""R005"":0.0,""R006"":0.0,""R007"":0.0,""R008"":0.0,""R009"":0.0}",[],SCORED,679e283fe1861ccae884b9097478bbd2880f829c56e00071b098e05be994a348,7fccc4edac8f8d65742fa0d1b63ba462b892cb1a3d64d3683691765920da0955,,0.1028
P15-C-RECEIPTS-001,mutant,wrong_expense_category,LIVE_PHYSICAL_REPLAY,True,negative,"[""pass:false""]",SCORE_REPLAYED,0.633333,False,True,0.633333,False,,True,group default,False,"{""P001"":0.0,""R001"":1.0,""R002"":1.0,""R003"":0.0,""R004"":0.0,""R005"":1.0,""R006"":1.0,""R007"":1.0,""R008"":0.0,""R009"":1.0}",[],SCORED,679e283fe1861ccae884b9097478bbd2880f829c56e00071b098e05be994a348,7fccc4edac8f8d65742fa0d1b63ba462b892cb1a3d64d3683691765920da0955,,0.1047
P15-C-RECEIPTS-001,mutant,wrong_receipt_identity,LIVE_PHYSICAL_REPLAY,True,negative,"[""pass:false""]",SCORE_REPLAYED,0.633333,False,True,0.633333,False,,True,group default,False,"{""P001"":0.0,""R001"":1.0,""R002"":1.0,""R003"":0.0,""R004"":0.0,""R005"":1.0,""R006"":1.0,""R007"":1.0,""R008"":0.0,""R009"":1.0}",[],SCORED,679e283fe1861ccae884b9097478bbd2880f829c56e00071b098e05be994a348,7fccc4edac8f8d65742fa0d1b63ba462b892cb1a3d64d3683691765920da0955,,0.1028
P15-C-RECEIPTS-001,generated_v3,static_shifted_layout,SAVED_ONLY_FROZEN_VALIDATION_CLAIM,False,positive,"[""pass:true"",""ge:0.7""]",SAVED_ONLY_VALIDATION_CLAIM,1.0,True,True,1.0,True,,True,"The instruction requires accurate receipt details, summaries, and reconciliation; it does not require formulas or fixed rows.",False,"{""P001"":0.0,""R001"":1.0,""R002"":1.0,""R003"":1.0,""R004"":1.0,""R005"":1.0,""R006"":1.0,""R007"":1.0,""R008"":1.0,""R009"":1.0}",[],SAVED_VALIDATION,679e283fe1861ccae884b9097478bbd2880f829c56e00071b098e05be994a348,7fccc4edac8f8d65742fa0d1b63ba462b892cb1a3d64d3683691765920da0955,,
P15-C-RECEIPTS-001,generated_v3,wrong_item_amount,SAVED_ONLY_FROZEN_VALIDATION_CLAIM,False,negative,"[""pass:false""]",SAVED_ONLY_VALIDATION_CLAIM,0.633333,False,True,0.633333,False,,True,Each extracted receipt item amount is a required source fact.,False,"{""P001"":0.0,""R001"":1.0,""R002"":1.0,""R003"":0.0,""R004"":0.0,""R005"":1.0,""R006"":1.0,""R007"":1.0,""R008"":0.0,""R009"":1.0}",[],SAVED_VALIDATION,679e283fe1861ccae884b9097478bbd2880f829c56e00071b098e05be994a348,7fccc4edac8f8d65742fa0d1b63ba462b892cb1a3d64d3683691765920da0955,,
P15-C-STATEMENT-001,reference,reference,LIVE_PHYSICAL_REPLAY,True,positive,"[""eq:1.0"",""pass:true""]",SCORE_REPLAYED,1.0,True,True,1.0,True,,True,group default,False,"{""P001"":0.0,""R001"":1.0,""R002"":1.0,""R003"":1.0,""R004"":1.0,""R005"":1.0,""R006"":1.0,""R007"":1.0,""R008"":1.0,""R009"":1.0}",[],SCORED,da10331857349726ed61ab5bb853c041cf148c4c988ffd6022fa808376233854,7fccc4edac8f8d65742fa0d1b63ba462b892cb1a3d64d3683691765920da0955,,0.1044
P15-C-STATEMENT-001,equivalent,candidate_equivalent,LIVE_PHYSICAL_REPLAY,True,positive,"[""ge:0.95"",""pass:true""]",SCORE_REPLAYED,1.0,True,True,1.0,True,,True,group default,False,"{""P001"":0.0,""R001"":1.0,""R002"":1.0,""R003"":1.0,""R004"":1.0,""R005"":1.0,""R006"":1.0,""R007"":1.0,""R008"":1.0,""R009"":1.0}",[],SCORED,da10331857349726ed61ab5bb853c041cf148c4c988ffd6022fa808376233854,7fccc4edac8f8d65742fa0d1b63ba462b892cb1a3d64d3683691765920da0955,,0.1022
P15-C-STATEMENT-001,equivalent,candidate_renamed_sheets,LIVE_PHYSICAL_REPLAY,True,positive,"[""ge:0.95"",""pass:true""]",SCORE_REPLAYED,1.0,True,True,1.0,True,,True,group default,False,"{""P001"":0.0,""R001"":1.0,""R002"":1.0,""R003"":1.0,""R004"":1.0,""R005"":1.0,""R006"":1.0,""R007"":1.0,""R008"":1.0,""R009"":1.0}","[""SHEET_ALIAS:Categories=Cash categories"",""SHEET_ALIAS:Checks=Review notes"",""SHEET_ALIAS:Provenance=Source register"",""SHEET_ALIAS:Reconciliation=Balance bridge"",""SHEET_ALIAS:Statement_Header=Account overview"",""SHEET_ALIAS:Transactions=Ledger lines""]",SCORED,da10331857349726ed61ab5bb853c041cf148c4c988ffd6022fa808376233854,7fccc4edac8f8d65742fa0d1b63ba462b892cb1a3d64d3683691765920da0955,,0.105
P15-C-STATEMENT-001,noop,noop,LIVE_PHYSICAL_REPLAY,True,negative,"[""pass:false""]",SCORE_REPLAYED,0.066667,False,True,0.066667,False,,True,group default,False,"{""P001"":0.0,""R001"":1.0,""R002"":0.0,""R003"":0.0,""R004"":0.0,""R005"":0.0,""R006"":0.0,""R007"":0.0,""R008"":0.0,""R009"":0.0}",[],SCORED,da10331857349726ed61ab5bb853c041cf148c4c988ffd6022fa808376233854,7fccc4edac8f8d65742fa0d1b63ba462b892cb1a3d64d3683691765920da0955,,0.102
P15-C-STATEMENT-001,malformed,malformed,LIVE_PHYSICAL_REPLAY,True,negative,"[""eq:0.0"",""pass:false""]",SCORE_REPLAYED,0.0,False,True,0.0,False,,True,group default,False,"{""P001"":0.0,""R001"":0.0,""R002"":0.0,""R003"":0.0,""R004"":0.0,""R005"":0.0,""R006"":0.0,""R007"":0.0,""R008"":0.0,""R009"":0.0}","[""MALFORMED_XLSX:BadZipFile""]",SCORED,da10331857349726ed61ab5bb853c041cf148c4c988ffd6022fa808376233854,7fccc4edac8f8d65742fa0d1b63ba462b892cb1a3d64d3683691765920da0955,,0.0982
P15-C-STATEMENT-001,mutant,missing_transaction,LIVE_PHYSICAL_REPLAY,True,negative,"[""pass:false""]",SCORE_REPLAYED,0.0,False,True,0.0,False,,True,group default,False,"{""P001"":1.0,""R001"":1.0,""R002"":1.0,""R003"":0.0,""R004"":0.0,""R005"":0.0,""R006"":0.0,""R007"":0.0,""R008"":0.0,""R009"":0.0}","[""FABRICATED_STATEMENT_PROVENANCE""]",SCORED,da10331857349726ed61ab5bb853c041cf148c4c988ffd6022fa808376233854,7fccc4edac8f8d65742fa0d1b63ba462b892cb1a3d64d3683691765920da0955,,0.1051
P15-C-STATEMENT-001,mutant,stale_closing_balance,LIVE_PHYSICAL_REPLAY,True,negative,"[""pass:false""]",SCORE_REPLAYED,0.766667,False,True,0.766667,False,,True,group default,True,"{""P001"":0.0,""R001"":1.0,""R002"":1.0,""R003"":1.0,""R004"":1.0,""R005"":1.0,""R006"":0.0,""R007"":0.0,""R008"":1.0,""R009"":1.0}",[],SCORED,da10331857349726ed61ab5bb853c041cf148c4c988ffd6022fa808376233854,7fccc4edac8f8d65742fa0d1b63ba462b892cb1a3d64d3683691765920da0955,,0.1021
P15-C-STATEMENT-001,mutant,wrong_debit_credit_sign,LIVE_PHYSICAL_REPLAY,True,positive,"[""pass:true""]",SCORE_REPLAYED,0.8,True,True,0.8,True,,True,group default,False,"{""P001"":0.0,""R001"":1.0,""R002"":1.0,""R003"":1.0,""R004"":1.0,""R005"":0.0,""R006"":1.0,""R007"":1.0,""R008"":0.0,""R009"":1.0}",[],SCORED,da10331857349726ed61ab5bb853c041cf148c4c988ffd6022fa808376233854,7fccc4edac8f8d65742fa0d1b63ba462b892cb1a3d64d3683691765920da0955,,0.1016
P15-C-STATEMENT-001,mutant,wrong_page_continuation,LIVE_PHYSICAL_REPLAY,True,negative,"[""pass:false""]",SCORE_REPLAYED,0.866667,False,True,0.866667,False,,True,group default,True,"{""P001"":0.0,""R001"":1.0,""R002"":1.0,""R003"":1.0,""R004"":1.0,""R005"":1.0,""R006"":1.0,""R007"":1.0,""R008"":1.0,""R009"":0.0}",[],SCORED,da10331857349726ed61ab5bb853c041cf148c4c988ffd6022fa808376233854,7fccc4edac8f8d65742fa0d1b63ba462b892cb1a3d64d3683691765920da0955,,0.1011
P15-C-STATEMENT-001,generated_v3,shifted_dynamic_layout,SAVED_ONLY_FROZEN_VALIDATION_CLAIM,False,positive,"[""pass:true"",""ge:0.7""]",SAVED_ONLY_VALIDATION_CLAIM,1.0,True,True,1.0,True,,True,"The instruction explicitly requires a formula-linked, editable reconciliation, but does not prescribe table rows or cell addresses.",False,"{""P001"":0.0,""R001"":1.0,""R002"":1.0,""R003"":1.0,""R004"":1.0,""R005"":1.0,""R006"":1.0,""R007"":1.0,""R008"":1.0,""R009"":1.0}",[],SAVED_VALIDATION,da10331857349726ed61ab5bb853c041cf148c4c988ffd6022fa808376233854,7fccc4edac8f8d65742fa0d1b63ba462b892cb1a3d64d3683691765920da0955,,
P15-C-STATEMENT-001,generated_v3,wrong_opening_link,SAVED_ONLY_FROZEN_VALIDATION_CLAIM,False,negative,"[""pass:false""]",SAVED_ONLY_VALIDATION_CLAIM,0.766667,False,True,0.766667,False,,True,Opening balance is part of the disclosed reconciliation identity and must link to the correct source amount.,True,"{""P001"":0.0,""R001"":1.0,""R002"":1.0,""R003"":1.0,""R004"":1.0,""R005"":1.0,""R006"":0.0,""R007"":0.0,""R008"":1.0,""R009"":1.0}",[],SAVED_VALIDATION,da10331857349726ed61ab5bb853c041cf148c4c988ffd6022fa808376233854,7fccc4edac8f8d65742fa0d1b63ba462b892cb1a3d64d3683691765920da0955,,
